song_id,mean_arousal,std_arousal,mean_valence,std_valence,file_name,Artist,Song title,start of the segment (min.sec),end of the segment (min.sec),Genre,Mediaeval 2013 set
2,3.1,0.99443,3,0.66667,2.mp3,The New Mystikal Troubadours,Tonight  A Lonely Century,0.48,1.33,Blues,development
3,3.5,1.8409,3.3,1.7029,3.mp3,Kevin MacLeod,DD Groove,0.36,1.21,Blues,evaluation
4,5.7,1.4944,5.5,1.7159,4.mp3,Kevin MacLeod,Slow Burn,1.29,2.14,Blues,development
5,4.4,2.1187,5.3,1.9465,5.mp3,My Bubba & Mi,Nothing Much,0.36,1.21,Blues,development
7,5.8,1.5492,6.4,1.7764,7.mp3,Kevin MacLeod,Hustle,0.2,1.05,Blues,development
8,3.2,1.4757,4.8,1.6193,8.mp3,Kevin MacLeod,Dirt Rhodes,0.12,0.57,Blues,development
10,4,1.7638,4.7,1.9465,10.mp3,Arne Bang Huseby,Stormy Blues,1.06,1.51,Blues,development
12,5.5,2.0138,5.8,1.9889,12.mp3,Sul Rebel,Rebel Blues,0.03,0.48,Blues,evaluation
13,3.2,1.4757,4,1.7638,13.mp3,My Bubba & Mi,Oh Kiss No,0.09,0.54,Blues,development
17,4.4,1.8974,6,2.1602,17.mp3,Phoephus,Fjcb Reddit Gtr Fills Mix,2.1,2.55,Blues,development
18,4.8,1.8135,3.9,1.4491,18.mp3,Black Rebel Motorcycle Club,Beat The Devil's Tattoo (Live @ KEXP),0.21,1.06,Blues,development
19,5.9,1.7288,4.3,2.0028,19.mp3,WHO'S PANDA,Vultures,0.58,1.43,Blues,development
20,5.4,2.6331,6.5,2.2236,20.mp3,Stevie's Amp Shack,Blues Shuffle in A One Take Improv Exercise,4.1,4.55,Blues,development
21,6.6,0.96609,6.3,1.4944,21.mp3,Cian Nugent,My War Blues,4.07,4.52,Blues,development
22,4,1.4142,4.8,1.5492,22.mp3,The New Mystikal Troubadours,The Holy Feele,0.11,0.56,Blues,evaluation
24,5.3,1.7029,3.9,1.8529,24.mp3,Bombay Laughing Club,Workin Boy Blues,1,1.45,Blues,development
25,7.9,0.73786,4.7,2.6687,25.mp3,The Jon Spencer Blues Explosion,RL Got Soul,0.44,1.29,Blues,development
31,4.7,1.6364,3.8,1.6193,31.mp3,Short Hand,All is Right,1.26,2.11,Blues,development
32,4.2,1.8738,3.3,1.567,32.mp3,The Agrarians,Princely & Comely,0.32,1.17,Blues,development
35,4.8,2.2509,6.5,2.2236,35.mp3,Olima Anditi,Apoli,0.47,1.32,Blues,development
37,6.6,2.2211,5.3,2.1108,37.mp3,The Jon Spencer Blues Explosion,Afro,0.33,1.18,Blues,development
39,7.3,1.9465,5.4,2.5033,39.mp3,Barrence Whitfield and The Savages,Ramblin' Rose,1.21,2.06,Blues,evaluation
40,4.6,1.3499,4.8,1.6193,40.mp3,Chuck Prophet,You And Me Baby (Holding On) (Live @ KEXP),0.31,1.16,Blues,evaluation
41,4.3,1.7029,5.1,1.3703,41.mp3,The New Mystikal Troubadours,Like Nothing Else,0.36,1.21,Blues,development
42,6.1,1.6633,5.1,2.0248,42.mp3,The New Mystikal Troubadours,A Cinematic Influence,1.58,2.43,Blues,evaluation
43,6.7,2.4518,3.5,1.5811,43.mp3,The Agrarians,PuritansToo,2.44,3.29,Blues,development
44,3.9,1.1005,4.9,1.6633,44.mp3,Digital Primitives,Walkabout,0.19,1.04,Blues,evaluation
45,5.1,2.5582,2.1,1.4491,45.mp3,Mountain Cult,Untitled 05,1.56,2.41,Blues,development
46,5.3,2.0575,4,1.8257,46.mp3,Little Howlin' Wolf,Shes Too Fat,2.48,3.33,Blues,development
47,4.4,1.8379,4.4,1.6465,47.mp3,Jahzzar,Boulevard St Germain,2.33,3.18,Blues,development
48,4.5,1.9579,4.8,1.8738,48.mp3,The New Mystikal Troubadours,Our Sacred Cues,0.18,1.03,Blues,development
49,3.9,1.3703,5.3,1.2517,49.mp3,The Agrarians,Our Nights on the Turnpike,0.23,1.08,Blues,evaluation
50,3.6,1.075,4.8,1.1353,50.mp3,Jahzzar,Railroad's Whiskey Co,0.2,1.05,Blues,development
51,3.6,1.1738,3.2,1.0328,51.mp3,The Agrarians,Fathers Tell Yr Sons,0,0.45,Blues,development
52,4.6,1.1738,5.1,1.912,52.mp3,The Agrarians,Recognize An Hour Divine,2.29,3.14,Blues,development
53,4.3,2.4967,5.1,1.792,53.mp3,The New Mystikal Troubadours,Owed to Old Poets  Our Role in the Play,2.36,3.21,Blues,development
54,3.1,1.6633,3.3,1.7029,54.mp3,Fit and the Conniptions,Broken,2.01,2.46,Blues,development
55,5.8,1.3984,5.4,1.1738,55.mp3,Big Bill Broonzy,Baby Please Don't Go,0.25,1.1,Blues,development
56,6.4,1.5055,5.8,1.4757,56.mp3,Vieux Farka Touré,Fafa,1.49,2.34,Blues,development
58,3.3,1.6364,3.4,1.6465,58.mp3,Fit and the Conniptions,Nothing's Any Fun Any More,0.01,0.46,Blues,development
59,5.3,1.8288,4.1,2.0248,59.mp3,The Agrarians,The Truth Is What We Make of It,1.54,2.39,Blues,development
60,4.3,1.567,6.4,0.5164,60.mp3,Michael Chapman & The Woodpiles,Heat Index,3.39,4.24,Blues,development
62,6.2,0.91894,3.9,1.2867,62.mp3,Zombie Prom Queen,Baby's Got Morphine Eyes,1.06,1.51,Blues,development
64,3.6,1.3499,4.9,1.6633,64.mp3,The New Mystikal Troubadours,Jungle Love Revisited,1.08,1.53,Blues,evaluation
65,6.4,1.5055,5.8,1.9322,65.mp3,The Jon Spencer Blues Explosion,Bellbottoms,0.36,1.21,Blues,development
67,7.2,0.78881,6.8,1.4757,67.mp3,The Jon Spencer Blues Explosion,Gadzooks,2.15,3,Blues,evaluation
68,3.8,1.3984,4.9,1.7288,68.mp3,Cian Nugent,Sixes & Sevens (Excerpt),6.15,7,Blues,development
69,3.2,0.91894,3.9,0.8756,69.mp3,Billy Childish,Keep Your Lamp Trimmed And Burning [traditional],0.28,1.13,Blues,development
70,4.4,1.7764,3.6,1.5055,70.mp3,Michael Chapman & The Woodpiles,Deportee,3.25,4.1,Blues,development
71,5.9,1.5951,3.7,0.82327,71.mp3,The Agrarians,The Daily Dose Age,0.22,1.07,Blues,development
72,6.7,1.8288,5.6,2.1187,72.mp3,Crete Boom,Bona Fide,1.07,1.52,Blues,development
73,5.8,1.8135,5.6,1.8379,73.mp3,Solo Dja Kabako,Lalalala,3.07,3.52,Blues,development
74,3,1.7638,4.3,1.4944,74.mp3,Mount Carmel,Interview,2.19,3.04,Blues,development
76,4.3,1.4944,3.2,1.9322,76.mp3,Mountain Cult,Untitled 07,1.33,2.18,Blues,development
77,4.2,2.1499,2.9,1.1972,77.mp3,The Rope River Blues Band,Yr Blues Tripping,0.32,1.17,Blues,development
78,3.4,1.6465,3.9,2.0248,78.mp3,Mr. & Mrs. Smith,How to go to sleep,1.29,2.14,Blues,development
79,5.5,2.2236,5.5,1.4337,79.mp3,Digital Primitives,No Holiday,1.51,2.36,Blues,development
80,6,1.4142,5.1,1.4491,80.mp3,Lorenzo's Music,Roulette,2,2.45,Blues,development
81,6.1,2.0248,3.9,1.792,81.mp3,The Agrarians,The Newest Fashions,2.27,3.12,Blues,development
82,2.9,1.5239,3.5,1.7159,82.mp3,Mr. & Mrs. Smith,Goin On,0.01,0.46,Blues,development
83,6.1,1.1005,5.8,1.8135,83.mp3,Paul  Wine  Jones,If You Love Me Like You Say,1.33,2.18,Blues,development
84,5.9,2.1318,5.6,1.8379,84.mp3,Mount Carmel,Swallow Me Up,0.39,1.24,Blues,development
85,7.1,1.1972,6.2,1.6865,85.mp3,Lantern,Out Of Our Heads,2.16,3.01,Blues,development
86,5.4,1.7127,5.6,1.2649,86.mp3,Eat at Joe's,Eat at Joe's,2.31,3.16,Blues,development
87,5.3,2.5841,2.6,0.96609,87.mp3,Mountain Cult,Untitled 04,1.21,2.06,Blues,development
88,6.7,1.8288,5.5,1.354,88.mp3,Lorenzo's Music,We All Fall Down,1.51,2.36,Blues,evaluation
89,4.5,2.4152,4.8,2.1499,89.mp3,The New Mystikal Troubadours,Common Experiences Man,2.14,2.59,Blues,development
90,4.3,1.8288,4.2,1.8135,90.mp3,Fit and the Conniptions,Wood For The Trees,3.35,4.2,Blues,development
91,4.5,1.5092,5.5,1.2693,91.mp3,Sim Cain,One,1.25,2.1,Blues,development
92,5.8,2.2998,4.7,1.8886,92.mp3,The Rope River Blues Band,Further,1.03,1.48,Blues,development
93,7.2,0.78881,6,1.8257,93.mp3,Betsy Olson,Waitin' (Live @ KEXP),2.31,3.16,Blues,development
95,3.3,1.9465,4.6,2.319,95.mp3,Steve Gunn,Old Strange,1.31,2.16,Blues,evaluation
96,6.8,1.3984,6.9,1.3703,96.mp3,The Devil Makes Three,Aces and Twos (Live @ KEXP),1.04,1.49,Blues,development
98,4.3,1.8288,2.7,1.4944,98.mp3,The Agrarians,The Index of Memory,1.2,2.05,Blues,development
99,4.3,1.9465,4.1,2.079,99.mp3,The New Mystikal Troubadours,Chamber Blues' Tidal Band Presents,2.05,2.5,Blues,development
101,3.4,1.7127,2.8,0.91894,101.mp3,Mr. & Mrs. Smith,Least the Ocean is Wet,0.17,1.02,Blues,development
102,6.5,0.97183,5.4,1.6465,102.mp3,Marisa Anderson,Electricity,3.11,3.56,Blues,evaluation
103,5.6,2.0111,3.3,1.8886,103.mp3,Mountain Cult,Untitled 01,1.03,1.48,Blues,evaluation
104,6.1,1.912,3.3,1.8886,104.mp3,The Rope River Blues Band,Ben Jonson's Blues,1.53,2.38,Blues,development
105,6.5,1.5092,5,1.4907,105.mp3,mojo monkeys,Girl Might Do,2.36,3.21,Blues,development
106,4.6,1.5776,3.3,1.2517,106.mp3,Fit and the Conniptions,Wander In A Dream,2.09,2.54,Blues,development
107,6,2.1082,4.8,2.2509,107.mp3,Tarred Brigade,We Three Kings,1.58,2.43,Blues,development
108,4.5,1.7159,4.2,2.044,108.mp3,Califone,Giving Away The Bride (Live @ KEXP),1.08,1.53,Blues,development
109,4.4,2.3664,4.5,1.5811,109.mp3,The Agrarians,You're the Wave  Wander!,1.19,2.04,Blues,development
110,4.4,1.8974,2.8,0.91894,110.mp3,The Agrarians,(Come On and Feele) The Faith in Me,1.29,2.14,Blues,development
111,5.3,1.3375,5.3,1.4944,111.mp3,Jawbone,Drop Down Low,0.22,1.07,Blues,development
112,6.8,1.0328,6.4,1.6465,112.mp3,Barrence Whitfield and The Savages,Big Mamou,1.37,2.22,Blues,development
113,5.4,1.3499,3.8,0.91894,113.mp3,The New Mystikal Troubadours,(Shuffling Towards) Art's Holy Shrine,0.33,1.18,Blues,development
114,4.8,0.78881,5.7,0.94868,114.mp3,Vieux Farka Touré,Inne (Live @ KEXP),1.04,1.49,Blues,development
115,8.4,0.69921,7.8,1.2293,115.mp3,Barrence Whitfield and The Savages,Bip Bop Bip,1.17,2.02,Blues,development
116,4.4,1.6465,3.9,1.2867,116.mp3,Fit and the Conniptions,Mistress Song,1.11,1.56,Blues,evaluation
117,3.9,1.5239,5,1.8257,117.mp3,Delta Dreambox,Queen of Loneliness,2.23,3.08,Blues,development
118,4.9,2.0248,4.6,1.9551,118.mp3,Cooper-Moore & Assif Tsahar,America,1.17,2.02,Blues,development
119,4.3,2.406,3.2,1.3166,119.mp3,Amen Dunes,Ethio Song,2.43,3.28,Blues,development
120,3.8,1.6865,5,1.6997,120.mp3,Steve Gunn,Mr Franklin,5.54,6.39,Blues,development
121,3.1,0.8756,3.9,1.5951,121.mp3,Mr. & Mrs. Smith,The not so flashy Exit,0.29,1.14,Blues,evaluation
122,5.5,2.0138,4.6,1.9551,122.mp3,The Agrarians,The Attack of Ev'ry Time,0.49,1.34,Blues,evaluation
123,6.1,1.6633,6.2,1.5492,123.mp3,Vieux Farka Touré,Awei Womei (Live @ KEXP),0.23,1.08,Blues,development
124,3.7,1.3375,2.8,0.78881,124.mp3,The Agrarians,The Banks of Eternity,0.19,1.04,Blues,evaluation
125,4.5,1.9579,4.2,1.3984,125.mp3,The Agrarians,Songtress' Sweet Song,1.23,2.08,Blues,development
126,5.1,1.7288,6.1,1.4491,126.mp3,Lee Maddeford,Le petit jardin (with Les Gauchers Orchestra),1.11,1.56,Classical,development
127,3,1.9437,5.3,1.767,127.mp3,Evgeny Grinko,Sunset,0.02,0.47,Classical,evaluation
128,3.6,1.5055,4,1.633,128.mp3,Fabrizio Paterlini,Veloma,1.1,1.55,Classical,development
129,4.2,1.8135,6,1.7638,129.mp3,Oskar Schuster,Sneeuwland,1.09,1.54,Classical,evaluation
130,3.3,1.4944,4.2,1.3984,130.mp3,Jared C. Balogh,Strides,0.26,1.11,Classical,development
131,6.1,1.1005,4.9,1.7288,131.mp3,Dexter Britain,Wonderland (Instrumental),0.05,0.5,Classical,development
133,2.8,2.0976,2.2,1.2293,133.mp3,Ophir Ilzetzki,Aleph,4.2,5.05,Classical,development
134,5.4,1.8379,6,1.2472,134.mp3,Dexter Britain,Summers Coming,1.17,2.02,Classical,evaluation
135,3.7,2.3594,3.5,1.5092,135.mp3,Jody Pou,O Solitude (H,1.27,2.12,Classical,development
136,6.8,1.3984,6.2,1.1353,136.mp3,Mystic Morrison Visions,Fourth,0.57,1.42,Classical,development
137,4.3,1.767,5.8,1.3984,137.mp3,Aaron Dunn-Sonatina No. 1 in C Major,I,0.33,1.18,Classical,evaluation
138,3.8,2.7809,2.4,0.96609,138.mp3,Silver Process,Encounters With Abusive Men,1.18,2.03,Classical,development
140,4.2,1.5492,4.5,2.1213,140.mp3,Jared C. Balogh,Shaking Off The Rust,3.07,3.52,Classical,development
142,4.6,1.8974,4.8,1.8135,142.mp3,Circus Marcus-Aux puces nº2,Carosello,1.24,2.09,Classical,evaluation
143,4,1.8257,4.9,1.5239,143.mp3,Circus Marcus,Aux puces nº5,1.04,1.49,Classical,evaluation
144,3.4,1.1738,4.7,0.94868,144.mp3,krackatoa,The Passing of Time,0.29,1.14,Classical,development
145,3.1,2.0248,5.4,2.0111,145.mp3,Kevin MacLeod,The Forest and the Trees,0.38,1.23,Classical,development
146,2.4,1.8974,3.5,2.0138,146.mp3,Marcel Pequel,Nine,0.04,0.49,Classical,development
148,4.7,1.2517,5,2.1602,148.mp3,krackatoa,Bending Light Infinity version,2.4,3.25,Classical,development
149,3.4,1.9551,3.1,2.0248,149.mp3,Kevin MacLeod,Gagool,2.45,3.3,Classical,development
150,5,2.582,5.4,2.319,150.mp3,Steven Arntson,Bow to Your Neighbor (Excerpt),1.44,2.29,Classical,evaluation
151,4,2.0548,4.5,1.354,151.mp3,James Beaudreau,Pacifico,0.59,1.44,Classical,development
152,4.4,1.7127,5.6,1.5055,152.mp3,Dexter Britain,The Tea Party,0.12,0.57,Classical,development
153,3.9,2.0248,4.5,1.7795,153.mp3,Evgeny Grinko,Blizzard,0.35,1.2,Classical,development
154,4.2,1.7512,4.1,1.9692,154.mp3,Lee Maddeford,Ouverture,0.27,1.12,Classical,development
155,3.6,2.0656,5.4,0.96609,155.mp3,Jared C. Balogh,Cyprus,4.51,5.36,Classical,evaluation
156,6.4,1.2649,6.7,0.48305,156.mp3,Lee Maddeford,Wheel of fortune (with Les Gauchers Orchestra),3.01,3.46,Classical,development
157,4,1.7638,6.2,1.1353,157.mp3,Jamie Evans,Opening Doors,0.1,0.55,Classical,development
158,2.1,0.73786,3.6,1.5055,158.mp3,Peter Rudenko,5 00 AM,0.39,1.24,Classical,development
159,3.8,2.6998,3.1,1.912,159.mp3,Silver Process,Awaken From A Nightmare,1.48,2.33,Classical,development
160,3.5,2.2236,3.5,1.6499,160.mp3,Advent Chamber Orchestra-Bughici,Suite for Violin 9 Hora vivace,1.06,1.51,Classical,development
161,6.3,1.2517,3.5,2.0138,161.mp3,MIT Concert Choir,O Fortuna,1.09,1.54,Classical,evaluation
162,3.7,1.767,4.6,1.075,162.mp3,Circus Marcus,Le bal de Rémy,1.02,1.47,Classical,development
163,3.6,1.3499,4.5,1.4337,163.mp3,Jared C. Balogh,Caught In A Realm,6.02,6.47,Classical,development
164,4.1,1.792,2.9,2.079,164.mp3,Silver Process-Skid,Row Night,3.03,3.48,Classical,development
166,3.1,1.5239,4.2,1.1353,166.mp3,Dexter Britain,Stop It (Instrumental),1.02,1.47,Classical,development
167,2.7,1.4181,3.3,1.7029,167.mp3,Circus Marcus-Aux puces nº1,Les chaises Louis XVI,0.11,0.56,Classical,development
168,3.3,1.4181,3.4,1.6465,168.mp3,Kevin MacLeod,Funeral March for Brass,0.36,1.21,Classical,development
169,2.4,0.84327,2.8,1.1353,169.mp3,Jody Pou,Black Coffee,2.31,3.16,Classical,development
170,3,1.633,5,1.5635,170.mp3,Circus Marcus-Aux puces nº6,La Flor de Olmedo,1.11,1.56,Classical,development
171,2.1,0.73786,3.6,1.8379,171.mp3,Chris Zabriskie,That Kid in Fourth Grade Who Really Liked the Denver Broncos,3.21,4.06,Classical,development
172,3.8,2.3476,5,2.357,172.mp3,Chris Zabriskie,The Temperature of the Air on the Bow of the Kaleetan,2.16,3.01,Classical,evaluation
173,4.6,1.7764,2.2,1.2293,173.mp3,Andrew Bisset-Cultural Dis,Ease,1.06,1.51,Classical,development
174,4,1.6997,3.8,1.4757,174.mp3,Jamie Evans,War And Peace,1.16,2.01,Classical,development
175,3.7,1.4181,4.3,1.6364,175.mp3,Steven Arntson,Don't You Want to Go to Heaven Uncle Sam,0.39,1.24,Classical,development
176,2.4,1.7127,3.9,1.6633,176.mp3,Marcel Pequel,Six,0.24,1.09,Classical,development
177,4.8,1.4757,5.6,1.8379,177.mp3,IKOS David Clifton with the choirs of Peterborough Cathedral,O Come O Come Emmanuel,0.27,1.12,Classical,development
178,2.8,2.201,3.7,2.2136,178.mp3,K-Conjog,Uno Is Walking,0.48,1.33,Classical,evaluation
179,5.2,2.1499,6,2.0548,179.mp3,Dexter Britain,The Time To Run,1.25,2.1,Classical,development
180,4.8,1.9889,5.9,1.4491,180.mp3,Jared C. Balogh,Bridging and Mending,0.51,1.36,Classical,development
181,3.7,2.2136,2.5,0.97183,181.mp3,Steven Arntson,A Muddy Heart,0.18,1.03,Classical,development
182,2.2,0.91894,3.7,2.1628,182.mp3,Jessica Pavone,Dedicated to Elizabeth Cotten (with Matt Bauder),6.04,6.49,Classical,development
184,3.6,1.9551,3.4,1.1738,184.mp3,Fabrizio Paterlini-Forever blue (March Rosetta re,imagined version),1.35,2.2,Classical,development
185,4.9,2.0248,4.6,1.4298,185.mp3,Kevin MacLeod,Ghost Dance,0.05,0.5,Classical,development
186,3.7,1.767,4,1.6997,186.mp3,Dexter Britain,Nights Tale,0.42,1.27,Classical,development
187,2.5,1.9579,3.7,2.0575,187.mp3,Evgeny Grinko,Other Child Room,0.17,1.02,Classical,development
188,4,1.633,3.3,1.6364,188.mp3,Lee Maddeford,Tom's Lullaby (with Les Gauchers Orchestra),1.21,2.06,Classical,development
189,6.5,1.7159,7.1,1.6633,189.mp3,Sláinte,Wild Rover with Bellevue Chamber Chorus,3.2,4.05,Classical,development
190,2.8,1.9322,3.1,1.3703,190.mp3,Kevin MacLeod,Virtutes Instrumenti,2.33,3.18,Classical,development
191,5.1,2.1318,6.3,2.0028,191.mp3,Kimiko Ishizaka,Variatio 14 a 2 Clav,0.06,0.51,Classical,development
192,5.8,0.63246,6.1,0.56765,192.mp3,Steven Arntson,Lucky,0.03,0.48,Classical,development
193,4.1,1.912,3,1.4142,193.mp3,Matthew Mehlan,Hands,6.43,7.28,Classical,development
194,2.7,1.8886,4.7,1.3375,194.mp3,Jamie Evans,Reminiscence,0.2,1.05,Classical,development
195,4.2,2.044,2.7,0.82327,195.mp3,Rebecca Foon,Golden Alley Reprise,2.07,2.52,Classical,development
196,4.3,1.767,4.5,1.7159,196.mp3,Lanark,Borodin Butterfly,1.02,1.47,Classical,development
197,2.2,1.4757,2.8,1.3984,197.mp3,Marcel Pequel,Eight,0.11,0.56,Classical,development
198,1.9,0.73786,3.3,1.8886,198.mp3,Lee Rosevere,Red Danube,2.56,3.41,Classical,development
199,5.3,1.567,5.7,1.3375,199.mp3,John Harrison with the Wichita State University Chamber Players,Spring Mvt 1 Allegro,1.52,2.37,Classical,evaluation
201,3.7,1.567,4.8,1.6193,201.mp3,Circus Marcus,Les crocodiles mangent aussi les bonshommes Wizzards,0.01,0.46,Classical,development
202,4.6,1.4298,5.2,1.4757,202.mp3,Chance's end,God Rest Ye Merry Gentlemen,2.08,2.53,Classical,development
203,3.5,2.0683,4.8,1.7512,203.mp3,Jared C. Balogh,WATCHING IT SNOW WHILE THINKING OF YOU,1.01,1.46,Classical,development
204,3.6,2.1187,2.2,1.0328,204.mp3,Joe Merolla,Sinfonia di Violoncello e AM RadioFinitura,0.22,1.07,Classical,evaluation
205,3,1.4907,4.5,2.1213,205.mp3,Chris Zabriskie,Prelude No,0.05,0.5,Classical,development
206,2.3,0.82327,2.6,1.075,206.mp3,Ophir Ilzetzki,Unisons,4.14,4.59,Classical,development
207,4.8,2.201,4.8,2.5734,207.mp3,Dexter Britain,Notebook Reading,0.24,1.09,Classical,development
208,4.8,2.1499,6.5,1.0801,208.mp3,Dexter Britain,Leave Well Enough Alone (Instrumental),0.24,1.09,Classical,development
209,3.1,0.99443,4.6,1.9551,209.mp3,Kevin MacLeod,Amazing Grace 2011,0.21,1.06,Classical,development
210,4.2,2.2509,5.5,2.273,210.mp3,Advent Chamber Orchestra-Bughici,Suite for Violin 8 Ardeleneascamoderato,0.29,1.14,Classical,development
211,3.1,1.2867,4.9,0.8756,211.mp3,Dexter Britain,After Christmas,1.3,2.15,Classical,development
212,4.6,1.6465,5.4,1.8974,212.mp3,Dexter Britain,My Song For January,1.3,2.15,Classical,development
213,2.6,1.5776,2.5,1.7159,213.mp3,Silver Process,Graveyard Illusions,1.3,2.15,Classical,development
214,3.6,2.0656,4.1,1.6633,214.mp3,Arnaud Roy,Blue sox,0.16,1.01,Classical,development
215,3.2,2.201,2.6,1.2649,215.mp3,Silver Process,In A Party Watching A Party,0.01,0.46,Classical,development
216,4.5,1.6499,5.3,1.1595,216.mp3,Lloyd Rodgers,On Things Invisible to the Eye (Act II),0.16,1.01,Classical,evaluation
217,3.5,1.6499,4.8,1.6865,217.mp3,Jamie Evans,Haunted,2.35,3.2,Classical,development
218,2.9,1.4491,4,1.5635,218.mp3,Evgeny Grinko,the piano of the old seaman,0.23,1.08,Classical,development
219,2.4,0.84327,3.8,1.5492,219.mp3,The New Heaven and The New Earth,The Book of Floating,0.47,1.32,Classical,development
220,4.1,1.5951,3.4,1.075,220.mp3,Silver Process,Jazz Band With Jazz Hands,5.5,6.35,Classical,development
221,4.3,1.6364,3.4,1.8974,221.mp3,The New York Underground Orchestra (Conducted By Assif Tsahar),First,0.43,1.28,Classical,development
222,3.8,1.3984,4.3,2.4967,222.mp3,Ophir Ilzetzki,ha'zman,0.42,1.27,Classical,development
223,2.2,1.1353,3.5,2.273,223.mp3,Marcel Pequel,One,0.17,1.02,Classical,development
224,5.5,1.5811,5.7,1.8886,224.mp3,LE CHEVALIER DE RINCHY,jingles interludes et dimanche minuit,0.37,1.22,Classical,evaluation
225,3.7,1.9465,4.2,1.6865,225.mp3,Jared C. Balogh,The Anticipation Of Spring,4.18,5.03,Classical,development
226,4.9,1.792,5,1.633,226.mp3,Jared C. Balogh,A TOUGH DECISION,2.02,2.47,Classical,development
227,3.1,1.1972,3.5,1.5811,227.mp3,Jared C. Balogh,SELF REFLECT,1.28,2.13,Classical,development
228,3.5,1.7159,4,1.3333,228.mp3,Evgeny Grinko,Woody Allen,0.15,1,Classical,evaluation
229,4.8,1.6865,4.8,1.5492,229.mp3,Dexter Britain,Slow Motion Strut Version Two,1.5,2.35,Classical,development
231,4.1,1.5239,5.6,1.7764,231.mp3,Dexter Britain,Train,0.34,1.19,Classical,development
232,2.5,1.8409,2.7,1.0593,232.mp3,Advent Chamber Orchestra-Dvorak,Serenade for Strings Op22 in E Major larghetto,1.07,1.52,Classical,development
233,4.7,1.567,4.5,1.9003,233.mp3,Jared C. Balogh,HURRY UP AND RAIN,4.55,5.4,Classical,development
234,3.5,2.5055,3.9,1.5239,234.mp3,Jessica Pavone,Dedicated to Leroy Jenkins,6.28,7.13,Classical,evaluation
235,3,1.1547,3.7,1.4181,235.mp3,Steven Arntson,Flight of the Moth,0.06,0.51,Classical,development
236,2.5,1.5811,2.4,1.2649,236.mp3,Chuck Bettis & Joe Merolla,Transmutation Of Metals,2.01,2.46,Classical,development
237,4.2,2.201,3.9,1.3703,237.mp3,Steven Arntson,Birth,1.24,2.09,Classical,development
238,3,2.0548,4.6,1.8974,238.mp3,Kevin MacLeod-J. S. Bach  Prelude in C,BWV 846,1.2,2.05,Classical,development
239,2.3,2.0028,3.3,1.6364,239.mp3,Marcel Pequel,Seven,0.16,1.01,Classical,development
240,6.4,1.4298,6.6,1.075,240.mp3,Puh,Gammelvals,2.38,3.23,Classical,development
241,4.1,2.2336,4.6,1.4298,241.mp3,Dexter Britain,After The Week I've Had,0.42,1.27,Classical,development
242,3.5,1.8409,4.7,1.6364,242.mp3,IKOS David Clifton with the choirs of Peterborough Cathedral,Silent Night,0.54,1.39,Classical,evaluation
243,7.2,1.4757,4.1,2.2828,243.mp3,MIT Concert Choir,Ave formosissima — O Fortuna (reprise),3.09,3.54,Classical,development
244,4.3,1.4181,4.2,1.7512,244.mp3,Steven Arntson,Valediction,0.36,1.21,Classical,development
245,4.2,2.0976,6.1,1.6633,245.mp3,Advent Chamber Orchestra-Handel,Entrance to the Queen of Sheba for Two Oboes Strings and Continuo allegro,0.12,0.57,Classical,development
246,4.9,2.8067,3.2,2.1499,246.mp3,Silver Process,Traumatic Childhood,5.49,6.34,Classical,development
247,3.9,1.2867,4.5,1.354,247.mp3,Jared C. Balogh,Micro Composition 10,0.12,0.57,Classical,development
248,3.4,1.6465,3.7,1.0593,248.mp3,Dexter Britain,Chasing Time,0.06,0.51,Classical,development
250,3.4,2.1705,3.6,1.4298,250.mp3,John Harrison with the Wichita State University Chamber Players,Winter Mvt 3 Allegro,0.29,1.14,Classical,development
253,6.6,1.6465,2.5,0.84984,253.mp3,The Rope River Blues Band,Dance!,0.21,1.06,Country,evaluation
254,5.3,2.406,7.4,1.1738,254.mp3,Scott Joplin,Original Rags (1900 piano roll),0.47,1.32,Country,development
257,7.6,1.5776,6.9,1.792,257.mp3,Stompin' Riff Raffs,Wine Wine Wine,0.21,1.06,Country,evaluation
258,4.3,1.4181,4.3,1.4181,258.mp3,Mr. & Mrs. Smith,ChainSmoke Days,0.02,0.47,Country,development
260,5.3,1.4944,3.6,1.7127,260.mp3,The Moaners,Detroit,1.56,2.41,Country,development
262,5.6,1.5776,6.9,0.99443,262.mp3,Scott Joplin,The Entertainer (1902 piano roll),1.46,2.31,Country,development
264,5.3,1.3375,5.5,1.5811,264.mp3,Peter Case,House Rent Jump,1.28,2.13,Country,evaluation
265,4.5,1.7795,6.4,0.69921,265.mp3,George P. Watson,Emmet's Cuckoo Song,0.52,1.37,Country,development
266,3.6,1.5776,4.8,2.044,266.mp3,Jason Shaw,SOLO ACOUSTIC GUITAR,0.21,1.06,Country,development
269,4.3,1.8288,4.8,2.044,269.mp3,Paper Navy,Swan Song,0.05,0.5,Country,development
270,6.1,1.7288,7.1,1.7288,270.mp3,John H. Glover-Kind,I Do Like To Be Beside The Seaside (1907 piano roll),0.14,0.59,Country,development
272,5.9,1.912,6.4,1.9551,272.mp3,Jason Shaw,JENNY'S THEME,0.01,0.46,Country,development
273,5.4,1.8379,7.2,0.91894,273.mp3,Shake That Little Foot,Western Country,0.53,1.38,Country,development
274,7.7,0.94868,6,2.1082,274.mp3,LE CLUB DES CHATS,Mochi,0.09,0.54,Country,development
275,5.3,1.4944,5.5,1.0801,275.mp3,Caühaüs,Rednecks with White Faces,2.23,3.08,Country,development
276,6.1,1.5951,5.3,1.767,276.mp3,Secret Jane,Blackberry Hedge,0.14,0.59,Country,development
278,5.5,2.1731,5.1,1.7288,278.mp3,Jason Shaw,ACOUSTIC BLUES,0.11,0.56,Country,development
279,3.6,1.2649,4.7,1.4944,279.mp3,Krestovsky,Party,0.44,1.29,Country,development
280,4.2,1.7512,3.3,1.1595,280.mp3,Flying Cloud,Upper Room,1.08,1.53,Country,development
281,5.4,2.4129,7,1.2472,281.mp3,Percy Wenrich,The Smiler (1907Zonophone Concert Band),0.26,1.11,Country,development
282,3.2,1.7512,4.2,0.78881,282.mp3,Dr. Frankenstein,Have You Seen It,1.44,2.29,Country,development
284,4.4,1.5776,5.2,1.2293,284.mp3,Jahzzar,Last Dance,0.14,0.59,Country,development
285,3.5,1.0801,5.1,1.4491,285.mp3,Lucas Gonze,Death Valley Waltz,0.11,0.56,Country,development
286,5.7,2.0575,6.9,1.9692,286.mp3,Scott Joplin-Maple Leaf Rag (1899 Geisz version),Z. Brewster,0.32,1.17,Country,development
288,3.5,1.9579,5.2,1.8738,288.mp3,Jason Shaw,WORDS,0.19,1.04,Country,development
289,5.7,2.0028,6.7,1.0593,289.mp3,Scott Joplin,Pine Apple Rag (1908 piano roll),1.35,2.2,Country,development
290,2.1,0.8756,3.9,1.6633,290.mp3,Abe Sada,The City,2.02,2.47,Country,development
292,7.3,1.0593,7.4,0.96609,292.mp3,Stompin' Riff Raffs,Horror Show,0.35,1.2,Country,evaluation
293,6.3,1.7029,4.2,2.044,293.mp3,Party People in a Can,Ayahuasca,1,1.45,Country,evaluation
294,5.5,2.2236,6.5,2.0138,294.mp3,Moore and Gardner,Chinese Blues (1916 George Gershwin piano roll),0.56,1.41,Country,development
296,5.9,0.99443,5.7,1.3375,296.mp3,Caravan of Thieves,Candy,3.27,4.12,Country,development
297,3.1,1.3703,3.6,1.4298,297.mp3,Wooden Ambulance,My Friend,1.08,1.53,Country,development
298,4,1.8257,5.4,1.7764,298.mp3,Moore & Sons,Obvious,2.11,2.56,Country,development
299,2.8,1.9889,4.3,1.3375,299.mp3,Jason Shaw,RUNNING WATERS,1.01,1.46,Country,development
300,6.8,1.1353,4.5,1.9579,300.mp3,The Brought Low,What I Found,2.31,3.16,Country,development
301,3.2,1.5492,3.7,1.8288,301.mp3,Shane Tutmarc,Never Turnin' Back (Live @ KEXP),0.52,1.37,Country,development
302,6.6,2.319,7,1.5635,302.mp3,Rose's Pawn Shop,Danger Behind The Wheel (Live @ KEXP),2.26,3.11,Country,development
303,7,1.1547,6.4,1.8379,303.mp3,The Canoes,American English,1.28,2.13,Country,development
304,3.8,1.8738,4.6,1.7764,304.mp3,Jeremy Cohen & Matt Munisteri,Rose Room,0.34,1.19,Country,development
305,6.4,1.1738,6.8,1.0328,305.mp3,Rex Allen,Riding Down To Mexico,0.3,1.15,Country,development
306,5.7,2.3118,6.7,1.8288,306.mp3,James Scott,Frog Legs Rag (1906 piano roll),2,2.45,Country,evaluation
307,6.1,1.1005,6.8,1.4757,307.mp3,Shake That Little Foot,Turkey in the Straw,0.08,0.53,Country,development
308,4.3,1.767,6.6,0.96609,308.mp3,Jason Shaw,WHEELS,0.25,1.1,Country,development
309,5.3,1.767,5.8,1.8738,309.mp3,Dr. Frankenstein,Theme for  The Mad Thinker,2.21,3.06,Country,evaluation
310,2.1,0.8756,2.7,1.0593,310.mp3,Mr. & Mrs. Smith,Neighborhood Funeral Dress,0.03,0.48,Country,development
311,5.8,1.6865,6.9,0.99443,311.mp3,Caravan of Thieves,Ghostwriter,0.35,1.2,Country,development
312,4.6,1.3499,5.8,1.6865,312.mp3,Austin Leonard Jones,Wild Guide,0.25,1.1,Country,evaluation
313,3.6,1.4298,5.3,1.3375,313.mp3,Jason Shaw,TRAVEL LIGHT,0.47,1.32,Country,development
314,5.8,1.2293,5.9,1.2867,314.mp3,Austin Leonard Jones,Ox Driving Song,0.19,1.04,Country,development
315,6.4,1.5055,7.5,0.84984,315.mp3,Shake That Little Foot,Scotland the Brave,0.35,1.2,Country,evaluation
316,2.8,1.3984,3.5,2.0683,316.mp3,Kenny Tudrick,The River,1.05,1.5,Country,development
317,6.1,1.792,4.3,1.4181,317.mp3,Waylon Thornton,Rose Water,0.36,1.21,Country,development
318,5.9,1.792,5.9,1.5239,318.mp3,Dr. Frankenstein,Emergency Exit,2.1,2.55,Country,development
319,4.5,2.0683,6.6,0.84327,319.mp3,Lucas Gonze,Frog In The Well,0.29,1.14,Country,evaluation
320,7.4,1.3499,6.6,1.5055,320.mp3,Stompin' Riff Raffs,99 Chicks,0.58,1.43,Country,development
321,7.3,0.82327,6,1.8257,321.mp3,Dr. Frankenstein,Necrófago,1.28,2.13,Country,development
322,6.1,1.2867,7.6,1.075,322.mp3,Pee Wee King,I Wanna Say Hello,0.53,1.38,Country,evaluation
323,4.8182,1.4709,5.7273,1.5551,323.mp3,The Water Tower Bucket Boys,Pilgim Song (Live @ KEXP),2.09,2.54,Country,development
324,3.3,1.767,4.7,1.4944,324.mp3,Jason Shaw,SERENITY,0.27,1.12,Country,development
325,5.5,1.8409,5.4,2.1705,325.mp3,Chatham County Line,Birmingham Jail,1.05,1.5,Country,development
326,5.4,1.6465,7.2,1.3166,326.mp3,Jason Shaw,THINGAMAJIG,0.36,1.21,Country,development
327,6,1.4142,7.1,1.3703,327.mp3,Bandana Splits,Ricky Dee,0.46,1.31,Country,development
328,5.2,1.6865,4.2,2.201,328.mp3,U Can Unlearn Guitar,Imna 'Merican,4.15,5,Country,development
329,3.3,2.406,4.2,2.3476,329.mp3,Edith Frost,Cars and Parties,3.05,3.5,Country,development
330,5.9,2.4244,3.1,1.9692,330.mp3,Vonn Krapp Family,Loco Two,0.25,1.1,Country,development
332,5.5,1.1785,6.9,0.8756,332.mp3,Jason Shaw,FUNKY JUNKY,0.3,1.15,Country,development
333,6.7,1.6364,6.1,1.792,333.mp3,Thee Irma & Louise,Live at the Winston,2.09,2.54,Country,development
334,5.9,1.7288,5.9,2.0248,334.mp3,Universal Jubilaires,Childhood Days,2.01,2.46,Country,development
335,6.8,1.5492,6.8,1.3984,335.mp3,Trampled By Turtles,Help You (Live @ KEXP),0.12,0.57,Country,development
336,6.1,1.5951,6.6,1.5776,336.mp3,The Shut-Ins,Rock n Roll McDonald's,0.06,0.51,Country,evaluation
338,3,0.8165,3.8,1.5492,338.mp3,Bureaucratica,Southern Gothic,3.05,3.5,Country,development
339,5.9,1.6633,6.9,1.1972,339.mp3,Jason Shaw,ROCKY TOP,0.55,1.4,Country,development
340,3.8,2.4855,4.6,2.0111,340.mp3,Peter Case,30 Days in the Workhouse,0.16,1.01,Country,development
341,3.8,1.8738,4.4,1.7764,341.mp3,Audra Kubat,Columbine,1.25,2.1,Country,development
342,4,2.1602,5.1,2.2336,342.mp3,Jason Shaw,ACOUSTIC MEDITATION,2.21,3.06,Country,development
343,7,1.8257,8.1,0.8756,343.mp3,Chatham County Line,Clear Blue Sky,0.25,1.1,Country,development
344,4.6,1.8379,5.2,1.6865,344.mp3,Jason Shaw,ONE FINE DAY,0.24,1.09,Country,development
345,7.2,1.6193,6.5,1.9579,345.mp3,Stompin' Riff Raffs,You Shake Me,0.1,0.55,Country,development
346,6.7,1.0593,7.3,1.6364,346.mp3,Jason Shaw,TENNESEE HAYRIDE,0.16,1.01,Country,development
347,3.8182,0.98165,5.8182,0.98165,347.mp3,Johnny Bond,Goodbye Old Paint,0,0.45,Country,development
348,5,1.633,5.7,1.8288,348.mp3,Austin Leonard Jones,I Wish I Was A Headlight,0.39,1.24,Country,development
349,4.6,1.7764,5.8,1.9889,349.mp3,Jim Long,There Were Some Famous Artists,1.12,1.57,Country,development
350,6,2,6.5,1.9003,350.mp3,Jason Shaw,BACK TO THE WOODS,0.12,0.57,Country,development
352,5.5,1.4337,4.5,1.5092,352.mp3,Lucas Gonze,Talk About Suffering,1.24,2.09,Country,development
353,4,2.0548,4.8,2.1499,353.mp3,Johnny Bond,Birmingham Jail,1.21,2.06,Country,development
354,7.1,0.99443,6.4,1.3499,354.mp3,Eric Villa,If Not For Your Sweet Heart,1.08,1.53,Country,development
355,5.1,1.912,6.5,1.2693,355.mp3,Al Duvall-Stuck On A Hat,Check Girl,0.17,1.02,Country,evaluation
356,4.6,1.9551,5.6,1.4298,356.mp3,Jason Shaw,SNAPPY,0.03,0.48,Country,development
357,4.8,1.4757,6.5,1.2693,357.mp3,D. Charles Speer & the Helix,Red Clay Road,1.5,2.35,Country,development
358,5.6,1.5055,4.2,1.6865,358.mp3,Bill Crosson,Love Song To Little Trees,0.01,0.46,Country,development
359,2.5,1.1785,3.7,1.7029,359.mp3,Jahzzar,Bed,1.09,1.54,Country,development
360,2.5,1.4337,5.5,1.6499,360.mp3,Jason Shaw,NICE AND EASY,2.09,2.54,Country,development
361,2.5455,1.3685,3.3636,1.6895,361.mp3,Jason Shaw,AUTUMN SUNSET,0.26,1.11,Country,development
362,4,1.7638,5.9,0.8756,362.mp3,Jason Shaw,RIVER MEDITATION,0.48,1.33,Country,development
364,5.5,1.5092,6.5,1.1785,364.mp3,Jason Shaw,MOUNTAIN SUN,1.39,2.24,Country,development
365,6,1.633,7.1,0.8756,365.mp3,Shake That Little Foot,Waterbound,2.02,2.47,Country,development
366,6.9,0.99443,6.1,1.3703,366.mp3,Golden Boys,Dirty Fingernails,0.05,0.5,Country,evaluation
367,3.1,1.6633,2.7,0.67495,367.mp3,Tift Merritt,After Today,1.53,2.38,Country,evaluation
368,4.8,1.9322,6.1,1.6633,368.mp3,Spade Cooley &  the Western Swing Dance Gang Feat. Tex Williams,Better Do It Now,1.22,2.07,Country,development
369,2.9,0.73786,3.4,0.84327,369.mp3,Mr. & Mrs. Smith,Mr,0.09,0.54,Country,development
370,3.8,1.9889,3.4,1.8974,370.mp3,The Trumpeteers,Little Wooden Church,1.55,2.4,Country,development
371,5.2,1.6865,6.6,1.075,371.mp3,Stapleton Brothers-Call of the Whip-Poor,Will,1,1.45,Country,development
372,3.6,1.2649,4.8,1.8135,372.mp3,QQQ,Runaway Puppy,1.5,2.35,Country,development
374,7,1.0541,4.9,1.1972,374.mp3,The Crevulators,Gambler's Blues,2.05,2.5,Country,development
375,1.9,0.73786,2.8,1.7512,375.mp3,Mr. & Mrs. Smith,Bit a Bullet,0.37,1.22,Country,development
376,5,1.5635,5.9,1.1972,376.mp3,Broke For Free,Night Owl,1.31,2.16,Electronic,development
378,5.5,1.9003,5.9,1.7288,378.mp3,Graphiqs Groove,Deep Sky Blue,2.49,3.34,Electronic,evaluation
379,1.9,0.99443,2.9,1.1972,379.mp3,LJ Kruzer,Chantiers Navals 412,0.42,1.27,Electronic,development
380,5.6,1.3499,4.8,2.1499,380.mp3,Macaw,Five Minutes at the Rainforest Cafe,0.57,1.42,Electronic,evaluation
381,6,1.7638,6.7,1.1595,381.mp3,Hot Fire-Them Never Love No Bans,DnB Mix (Germany),0.19,1.04,Electronic,development
383,4.2,2.201,3.6,1.6465,383.mp3,Neuroleptic Trio,Neuroleptic trio instrumental 5,2.34,3.19,Electronic,development
384,3.6,1.4298,4.1,1.6633,384.mp3,Ghost Hunter,Whirlwind Dance,0.3,1.15,Electronic,evaluation
386,5,1.1547,5.5,1.8409,386.mp3,Broke For Free,As Colorful As Ever,0.43,1.28,Electronic,development
387,6.2,2.3944,6.2,2.6583,387.mp3,Risey,Memories Of Thailand (Beat Doctor's 'stuck in Britain' remix),0.09,0.54,Electronic,development
390,5.7,1.0593,6.2,0.63246,390.mp3,Beat Culture,Midori,1.4,2.25,Electronic,evaluation
391,5.5,1.6499,6.1,0.99443,391.mp3,Morphamish,Another Position (original mix),2.31,3.16,Electronic,development
392,3.4,1.7764,4.8,1.5492,392.mp3,Ghostly Dust Machine,Ode To A Baby Snowstorm,0.02,0.47,Electronic,development
393,6,0.8165,6.4,0.69921,393.mp3,Max Tundra,Lysine,0.22,1.07,Electronic,evaluation
395,6.7,1.3375,6.2,1.4757,395.mp3,Foniqz,Spectrum (Subdiffusion Mix),2.01,2.46,Electronic,development
397,7,1.3333,7,1.4142,397.mp3,Lucky Dragons,Mercy,0.58,1.43,Electronic,development
399,6.7,0.94868,7,1.0541,399.mp3,Dexter Britain,Waking Up (Instrumental),2.32,3.17,Electronic,development
400,5.1,1.792,5.6,1.1738,400.mp3,Asthmatic Astronaut,Run The Tape,1.22,2.07,Electronic,development
401,5.5,1.5092,6.4,1.2649,401.mp3,Broke For Free,Something Elated,0,0.45,Electronic,development
402,7.1,1.1005,7.1,0.99443,402.mp3,Patrick Lee,Quittin' Time,1.38,2.23,Electronic,development
403,5.1,1.7288,5.2,1.7512,403.mp3,Daddy_Scrabble,Flying pea v,2.18,3.03,Electronic,development
404,6.9,1.4491,6.8,1.3984,404.mp3,Broke For Free,Calm The Fuck Down,0.03,0.48,Electronic,development
405,6.1,2.0248,7.4,0.96609,405.mp3,Kevin MacLeod,Presenterator,0.16,1.01,Electronic,development
406,5.3,2.2136,4.3,2.3118,406.mp3,Smersh,My God Those Legs,0.05,0.5,Electronic,development
407,4.3,1.767,4.5,1.7159,407.mp3,Digi G'Alessio-ekiti son feat valeska,april deegee rmx,1.39,2.24,Electronic,development
408,6.6,2.5033,6.1,2.1318,408.mp3,EeL,snow world under the white moon,2.47,3.32,Electronic,development
410,3.8,2.0976,5.1,1.792,410.mp3,Zero V,Twinkling,0.06,0.51,Electronic,evaluation
415,6,1.1547,5.2,1.9322,415.mp3,Phoniandflore,Dubsteady,0.25,1.1,Electronic,development
416,5.5,1.8409,5.2,1.6865,416.mp3,Bitbasic,Please Mind the Dubstep,0.21,1.06,Electronic,development
419,3.3,2.1108,4,1.4907,419.mp3,Antiphon,over and under,0.37,1.22,Electronic,evaluation
420,4.5,1.354,5.4,1.3499,420.mp3,Casetofoane,90,1.07,1.52,Electronic,development
422,2.8,1.8135,3.7,2.5841,422.mp3,Lee Rosevere,Moonlight and Roses,1.27,2.12,Electronic,development
423,5.2,2.6162,4.5,2.4152,423.mp3,Glass Boy,My Pretty Looking Clothes,3.5,4.35,Electronic,development
425,7.1,0.73786,6.8,0.91894,425.mp3,Decktonic,Stars,1.53,2.38,Electronic,evaluation
426,5.3,1.767,5.3,1.4944,426.mp3,Asura,Whispering Through,0.12,0.57,Electronic,development
427,5.2,1.5492,5.8,0.78881,427.mp3,Tours,Enthusiast,1.3,2.15,Electronic,evaluation
428,6.6,1.075,6.6,0.96609,428.mp3,Revolution Void,How Exciting,1.43,2.28,Electronic,development
429,3.3,1.1595,4.3,2.0028,429.mp3,Chris Zabriskie,Divider,1.49,2.34,Electronic,development
430,4,2.357,2.9,1.1005,430.mp3,Vitus Von Degen,Black Gloves,0.57,1.42,Electronic,development
431,6.1,1.8529,5.5,2.0138,431.mp3,Dub Terminator,Dub steps,3.37,4.22,Electronic,development
432,5.3,2.1108,5.3,1.767,432.mp3,Pierlo,Barbarian,0.57,1.42,Electronic,evaluation
435,4.5,1.8409,5.9,1.5951,435.mp3,Broke For Free,Warm Up Suit,3.29,4.14,Electronic,development
436,4.3,2.1108,5.2,1.9322,436.mp3,Digi G'Alessio,raw instrumental pt,1.31,2.16,Electronic,evaluation
437,5.2,1.9322,4.3,2.2136,437.mp3,Psychadelik Pedestrian,Night Beach,1.57,2.42,Electronic,development
440,5.3,2.2632,6.3,1.8288,440.mp3,Immortal Beats,Oh Wee,0.17,1.02,Electronic,development
441,4.6,1.7764,5.1,1.5951,441.mp3,M.W.D.,Singing Forest,3.48,4.33,Electronic,development
442,4.1,1.9692,4.5,1.6499,442.mp3,Volfoniq-Memori [Amentu Segretu,Arrogalla remix feat Andrea Congia],1.36,2.21,Electronic,development
444,2.3,1.1595,2.5,1.2693,444.mp3,Augustus Bro & Gallery Six,People Living And Leaving Big Citys,3.09,3.54,Electronic,development
445,2.4,1.075,4.6,1.7127,445.mp3,Bacalao,Casual Graphic Designer,0.02,0.47,Electronic,development
448,6.5556,2.1279,6.3333,2.1213,448.mp3,Anitek,Destination,0.43,1.28,Electronic,development
449,3.6,2.1705,3.8,1.9322,449.mp3,Orbique,simple,1.08,1.53,Electronic,development
450,4.1,2.1318,5,1.8257,450.mp3,Ghosts,Grief And Sleep,3.49,4.34,Electronic,development
451,4.9,1.3703,4.4,1.8974,451.mp3,Thick Business,Smoothest Runes,3.57,4.42,Electronic,development
452,5.6,1.6465,6.8,0.91894,452.mp3,YACHT-Shangri,La (instrumental),0.34,1.19,Electronic,development
453,4.6,1.8974,5.6,1.2649,453.mp3,Broke For Free,Only Instrumental,0.2,1.05,Electronic,development
454,5,2.582,4.8,1.5492,454.mp3,Wake,Steppin,0.51,1.36,Electronic,development
455,5.4,1.8379,5.7,1.2517,455.mp3,Music For Your Plants,Expedition Chant Cup,1.38,2.23,Electronic,evaluation
456,6.1,2.846,2.3,1.3375,456.mp3,Stickfigure,Crack in Time,0.02,0.47,Electronic,development
458,3.4,1.7764,5,1.8856,458.mp3,Nameless Dancers,Night Fly,1.41,2.26,Electronic,evaluation
459,6.3,0.82327,6.1,1.2867,459.mp3,Mutherpluckin' B,Cryin in the Delta Wind,0.27,1.12,Electronic,development
460,3.8,2.201,3.8,1.8135,460.mp3,Flex Vector,Inner Demon,4.28,5.13,Electronic,development
461,4.8,1.4757,4.4,1.6465,461.mp3,Sycamore Drive,Ocean Breeze,0.03,0.48,Electronic,development
462,5.8,1.7512,4.6,2.1705,462.mp3,Morsa-Erotic Post,Ironic (feat,3.28,4.13,Electronic,evaluation
463,5,2.1602,5.7,1.767,463.mp3,Lomovolokno,Overlay Star,2.1,2.55,Electronic,development
464,5.1,1.2867,5.6,1.5776,464.mp3,Plurabelle,Ropes,0.3,1.15,Electronic,development
466,6.6,1.6465,5.9,1.2867,466.mp3,Fanas,Forever falling up,1.43,2.28,Electronic,development
467,5.7,2.3118,6.8,1.2293,467.mp3,Peter Sharp,Runtime error,0.15,1,Electronic,development
468,3.6,1.7127,3.4,2.2706,468.mp3,Zero V,Hiss,1.44,2.29,Electronic,development
469,5.1,1.6633,5.3,0.94868,469.mp3,Broke For Free,Knock Knock,1.39,2.24,Electronic,development
472,6.5,2.2236,5.2,1.6193,472.mp3,Listen With Sarah,I,1.21,2.06,Electronic,development
473,7.1,1.2867,5.5,2.3214,473.mp3,Illocanblo,SmurfPulser,2.32,3.17,Electronic,development
475,5.6,2.1187,5,2.1082,475.mp3,Morphamish + MAKO,Ooo,3.44,4.29,Electronic,evaluation
477,7.1,1.5951,7.2,1.2293,477.mp3,Decktonic,Night Drive,2.14,2.59,Electronic,development
478,2.8,1.2293,3.2,1.1353,478.mp3,Zero V,Initiation,0.04,0.49,Electronic,development
479,4.5,1.9003,5.7,0.94868,479.mp3,Jiony,Not Found (Invisible),2.27,3.12,Electronic,development
480,2.7,1.7029,4.1,1.1972,480.mp3,Lee Rosevere-Chapter Seven - Re,entry,3.23,4.08,Electronic,development
481,3.4,1.6465,4.7,2.0575,481.mp3,Dexter Britain,Seeing The Future,0.09,0.54,Electronic,development
482,1.9,0.73786,3.5,2.3214,482.mp3,Julian Winter,LA,0.29,1.14,Electronic,development
484,6.4,1.3499,6.5,1.354,484.mp3,Beat Doctor,Got Me (club mix),0.13,0.58,Electronic,development
485,2.6,0.96609,3.7,1.4944,485.mp3,Psychadelik Pedestrian,Coral Reef,3.55,4.4,Electronic,development
486,6.2,1.9322,5.7,1.7029,486.mp3,Pulselooper,Neurociencia,4.47,5.32,Electronic,development
487,4.5,1.6499,5.3,1.2517,487.mp3,Foniqz,D2,4.05,4.5,Electronic,development
488,1.6,0.84327,3.4,1.3499,488.mp3,Blear Moon,Cold Summer Landscape,4.12,4.57,Electronic,development
489,4.6,1.8379,5.2,1.8738,489.mp3,The Protagonist!,Pink Fuzz!,2.31,3.16,Electronic,development
490,3.9,1.5951,3.7,1.767,490.mp3,Apes on Tapes,Chico (The Way Out),0.12,0.57,Electronic,development
492,4.4,2.0111,4.8,1.8135,492.mp3,M-PeX,Beryllos,2.33,3.18,Electronic,development
493,3.7,1.6364,4.9,1.1972,493.mp3,General Fuzz,summer,1.41,2.26,Electronic,development
494,3.7,1.7029,4.1,1.792,494.mp3,Deltason,Garden Theme,0.01,0.46,Electronic,development
496,4.7,2.2632,5.9,1.912,496.mp3,Adubter,OutroDub,2.12,2.57,Electronic,development
497,6.2,1.6193,5.7,2.3594,497.mp3,Flex Vector,The Beat Goes On,5.24,6.09,Electronic,development
498,2.9,1.9692,2.8,1.5492,498.mp3,Altered Carbon,Drown,0.52,1.37,Electronic,development
499,3.6,1.6465,3.6,1.6465,499.mp3,Isle,Bayview,0.38,1.23,Electronic,evaluation
500,6,1.8856,5.2,1.7512,500.mp3,Music For Your Plants,القذافي الأمازون الحرس,2.09,2.54,Electronic,development
501,2.5,1.1785,4.4,0.96609,501.mp3,Possimiste,Behind The Seas,0.2,1.05,Folk,development
502,4.8,1.8738,4.6,1.7127,502.mp3,The Rope River Blues Band,Capulet,0.15,1,Folk,development
503,5.8,1.7512,6.4,1.075,503.mp3,Plushgoolash,Big Gay Water Fight,1.25,2.1,Folk,development
504,4.8,0.91894,4,0.8165,504.mp3,Sam Shalabi,Rebetikaud,2.31,3.16,Folk,development
506,2.9,0.99443,4.1,1.4491,506.mp3,Keshco,Like Home,1.2,2.05,Folk,development
507,4.9,1.1972,4.8,1.2293,507.mp3,Caligine,Mε Πιάνουνε Ζαλάδες,7.21,8.06,Folk,development
512,5.1,1.792,5.4,2.0111,512.mp3,Costa and Nero,Rast'e Tou Teke,1,1.45,Folk,development
513,3.1,1.7288,4.2,1.5492,513.mp3,Chan Wai Fat,Dream (instrumental),0.2,1.05,Folk,development
514,4.3,1.9465,5.8,1.9889,514.mp3,Jason Shaw,SIDEWALK,1,1.45,Folk,development
515,3.8,1.4757,3.4,1.2649,515.mp3,Plankton Wat,Hash Smugglers Blues,0.44,1.29,Folk,development
518,4.1,1.792,3.4,1.1738,518.mp3,Free Piece of Tape,Burning School,4.05,4.5,Folk,development
519,6.8,1.9322,5.3,1.8886,519.mp3,Morus Alba,MDMA (Pt,1.32,2.17,Folk,development
520,4,1.633,5.5,1.4337,520.mp3,Moore & Sons,Broken Spell,0.44,1.29,Folk,development
521,3.8,1.6193,4.6,2.1705,521.mp3,Black Twig Pickers and Steve Gunn,Old Strange,1.54,2.39,Folk,evaluation
522,3.5,2.2236,2.7,0.94868,522.mp3,Mike Cooper & Viv Corringham,New Rembetika   14,0.56,1.41,Folk,development
523,5.1,1.792,5.9,1.9692,523.mp3,The Upsidedown-E,Love,1.52,2.37,Folk,development
524,3.3,1.3375,4,1.1547,524.mp3,Nettle,Black Eyes,0.18,1.03,Folk,development
525,4.3,1.6364,4.8,2.0976,525.mp3,Cooper-Moore,(h) Banjo Arba Minch Garden,1.23,2.08,Folk,development
527,4,1.7638,5.7,2.0575,527.mp3,Michael Chapman & The Woodpiles,A Stranger's Map of Texas,0.16,1.01,Folk,development
529,4.7,1.6364,5.8,1.2293,529.mp3,Hiiragi Fukuda,TV Dinner,0.51,1.36,Folk,evaluation
530,3.3,1.4944,3.5,1.6499,530.mp3,The New Mystikal Troubadours,The Tropical Lounge Prayer Directory,0.47,1.32,Folk,development
535,6.1,2.1318,6.5,1.7795,535.mp3,Black Twig Pickers and Steve Gunn,Sally in the Garden Sifting Sand,2.44,3.29,Folk,development
536,5.1,1.4491,4.5,0.84984,536.mp3,Steven Arntson,Don't You Want to Go to HeavenUncle Sam,1.23,2.08,Folk,development
537,5,2.582,2.6,1.8974,537.mp3,Astral Social Club,Efoumernam Ena Vradi,3.12,3.57,Folk,development
540,4.1,1.9692,4.4,1.5776,540.mp3,Steve Gunn,Trouba,2.51,3.36,Folk,development
544,4.8,2.2509,4.5,1.8409,544.mp3,Rho,Day Into Night,5.2,6.05,Folk,evaluation
547,3.4,1.9551,4.8,2.201,547.mp3,Mr. & Mrs. Smith,It's all right,0.12,0.57,Folk,development
550,4.2,1.8738,5.9,1.9692,550.mp3,Michael Chapman & The Woodpiles,Titanic,0.06,0.51,Folk,development
551,3.2,1.5492,4,1.4907,551.mp3,Moore & Sons,Harmless Blues,0.1,0.55,Folk,development
554,2.8,2.3944,5,2.4944,554.mp3,Paneye,Wave Graves,0.35,1.2,Folk,development
555,5.2,1.6865,4.8,1.7512,555.mp3,The Agrarians,Views of The Holy & Divine,0.3,1.15,Folk,development
556,5.6,2.1705,6.1,1.7288,556.mp3,Steven Arntson,Life on the Odyssean Wave,1.09,1.54,Folk,evaluation
558,2.8,1.9322,3.2,1.7512,558.mp3,My Bubba & Mi,Good Night Heart,0.14,0.59,Folk,development
560,2.9,1.2867,4.6,1.7127,560.mp3,Jahzzar,Vanlig,1.25,2.1,Folk,development
561,6.9,0.73786,7,0.94281,561.mp3,La Minor,La Minor Live at Pacific Parc Vol,1.08,1.53,Folk,evaluation
564,4.7,1.767,4.9,1.7288,564.mp3,Fit and the Conniptions,Solemn Ground,0.21,1.06,Folk,development
565,3.1,1.5951,3,1.0541,565.mp3,Amen Dunes,Sousta Politiki,0.46,1.31,Folk,development
568,5.4,1.5776,3.1,1.4491,568.mp3,U Can Unlearn Guitar,The Incredible Infection of Unintended Invection,5.38,6.23,Folk,development
574,4.5,2.1731,4.8,2.044,574.mp3,Kevin MacLeod,Cattails,0.37,1.22,Folk,development
577,5.6,1.6465,5.5,1.354,577.mp3,Jahzzar,Look inside,0.08,0.53,Folk,development
579,3.1,2.0248,3.2,1.3984,579.mp3,red_robin,The Surveyor,0.57,1.42,Folk,development
580,2.4,1.075,4.4,1.3499,580.mp3,Cian Nugent,Grass Above My Head,0.06,0.51,Folk,development
581,5.3,1.2517,6,1.0541,581.mp3,Atlas Sound,Mona Lisa,1.48,2.33,Folk,development
582,3.1,1.4491,4.9,1.7288,582.mp3,Jason Shaw,12 MORNINGS,1.3,2.15,Folk,evaluation
584,2.5,1.1785,2.4,0.84327,584.mp3,Ignatz,Stin Ypoga,0.31,1.16,Folk,evaluation
585,4,1.4907,4.2,1.7512,585.mp3,Yair Yona,The Bright New Year (By Bert Jansch),0.16,1.01,Folk,development
586,5.2,1.4757,5.9,0.73786,586.mp3,Greg Gibbs,Hemoglobin (Live at the Tonic Room),0.23,1.08,Folk,development
591,5.7,1.767,6.2,2.201,591.mp3,The Sons Of The Pioneers,Whoopee Ti Yi Yo,0.18,1.03,Folk,development
592,5.4545,1.1282,5.0909,2.2115,592.mp3,Pietnastka,Tape Eater,3.4,4.25,Folk,development
594,4.2,1.9322,3.1,1.5951,594.mp3,Chan Wai Fat,Di Hei Hei (sung by Po Sun Yi),1.47,2.32,Folk,evaluation
597,4.8,1.8738,6.4,0.84327,597.mp3,Keshco,Wafternoon,0.25,1.1,Folk,development
598,4,1.6997,5.6,1.075,598.mp3,Jahzzar,Joke,0.1,0.55,Folk,development
600,3.5,1.9003,4,2.2111,600.mp3,Joe Mazzola,32 Ford,1.26,2.11,Folk,development
605,4.4,1.8379,6,1.633,605.mp3,The Simple Carnival,Flirt,1.07,1.52,Folk,development
606,4.1,1.8529,5.6,1.5776,606.mp3,Jahzzar,Ice Cream,1.02,1.47,Folk,development
607,4.4,1.8379,6.1,1.3703,607.mp3,James Blackshaw,Past Has Not Passed,3.31,4.16,Folk,development
608,2.9,1.7288,3.8,1.9889,608.mp3,Daniel Padden,Adinatisa O Kaymenos,0.11,0.56,Folk,development
609,4.9,2.1318,5.5,1.6499,609.mp3,M-PeX,Eter,3.13,3.58,Folk,development
610,6.3,1.4181,6.5,1.8409,610.mp3,Jahzzar,Shine,0.1,0.55,Folk,development
611,5.1,1.6633,4.8,1.8135,611.mp3,Jahzzar,Car Crash,1.12,1.57,Folk,development
612,5.6,1.2649,6.6,0.5164,612.mp3,Black Twig Pickers,Wild Horse of Stony Point,1.39,2.24,Folk,development
613,5.2,2.2998,6.8,1.4757,613.mp3,Jahzzar,Going to,0.58,1.43,Folk,development
614,4.3,1.567,3.7,1.4181,614.mp3,Josh Woodward,I Want To Destroy Something Beautiful,0.53,1.38,Folk,development
615,3.2,1.8135,5,0.8165,615.mp3,Moore & Sons,Talking,1.34,2.19,Folk,development
616,3.5,1.5092,5,1.2472,616.mp3,Greg Gibbs,Hot Kettle and a Lonely Gun,0.14,0.59,Folk,development
617,6.5,1.7795,3,1.4142,617.mp3,The Peach Tree,A Clean Slate,2.04,2.49,Folk,development
620,5.8,1.3166,4.4,1.6465,620.mp3,M-PeX,Aqua,3.26,4.11,Folk,development
621,2.9,1.2867,4.4,1.1738,621.mp3,Carter Thornton,The Blender is Not Built For That,3.19,4.04,Folk,development
622,4.5,2.2236,5,1.8856,622.mp3,Greg Gibbs,Zoo,1.1,1.55,Folk,evaluation
623,3.8,1.7512,5.9,1.6633,623.mp3,Jahzzar,Anniversary,0.5,1.35,Folk,development
625,3.1,1.5239,4.4,1.2649,625.mp3,Moore & Sons,Night Ahead,0.1,0.55,Folk,development
628,4.9,2.1833,6.8,1.7512,628.mp3,Latché Swing,Hungaria,0.41,1.26,Jazz,development
629,7.4,0.96609,7.6,0.84327,629.mp3,Goto80 and the Uwe Schenk Band,Volksing Ferretismico,1.3,2.15,Jazz,development
631,7.6,1.5776,3.1,2.4698,631.mp3,WWIII,Lansdowne,0.06,0.51,Jazz,development
632,4.2,2.201,5.4,1.8974,632.mp3,Northbound,Forward,3.44,4.29,Jazz,development
634,4.7,2.4518,5.8,1.6193,634.mp3,Quantum Jazz,If I Can't Dance It's Not My Revolution,2.35,3.2,Jazz,development
635,6.6,0.96609,7.6,1.075,635.mp3,Rat City Brass,The Third Man Theme (Live @ KEXP),1.05,1.5,Jazz,development
637,2.2,0.91894,3.6,2.0656,637.mp3,Evgeny Grinko,It smells like Chamomile Tea,1.11,1.56,Jazz,development
638,3.2,1.5492,4.4,1.7127,638.mp3,Evgeny Grinko,Winter Sunshine,0.06,0.51,Jazz,development
639,6.1,0.99443,6.3,1.1595,639.mp3,Zero V,Indian Summer,0.4,1.25,Jazz,development
640,7.6,0.84327,7.8,0.78881,640.mp3,Los Sundayers,¡Qué Paciencia!,0.31,1.16,Jazz,development
643,3.5,1.1785,4.2,1.8135,643.mp3,Goto80 and the Uwe Schenk Band,Thriller Iller,3.13,3.58,Jazz,development
644,4.3,1.7029,5.6,2.0656,644.mp3,Antony Raijekov,By the Coast (2004),0.31,1.16,Jazz,development
645,4.6,2.0111,5.7,1.767,645.mp3,Cosmic Analog Ensemble,Mutatis Mutandis,0.43,1.28,Jazz,evaluation
646,3.1,1.3703,3.8,1.4757,646.mp3,Kevin MacLeod,Backed Vibes Clean,1,1.45,Jazz,development
647,3,1.0541,5.8,0.91894,647.mp3,Revolution Void,Scattered Knowledge,0.23,1.08,Jazz,evaluation
648,5.1,2.1833,6.8,1.6193,648.mp3,Latché Swing,Swing 39,0.12,0.57,Jazz,development
649,6.2,1.0328,6.7,0.67495,649.mp3,Nature,I Remember You,2.08,2.53,Jazz,development
650,6,1.0541,4.2,1.7512,650.mp3,Ido Bukelman,City Tail,5.03,5.48,Jazz,development
651,6.4,1.075,7.1,0.73786,651.mp3,The Underscore Orkestra,Balancing Act,2.46,3.31,Jazz,development
652,2.7778,1.3017,4.1111,1.6915,652.mp3,Zero V,Don't Rush,3.02,3.47,Jazz,development
653,5.3,2.1108,6.5,1.0801,653.mp3,Kriss,Jazz Club,4.27,5.12,Jazz,development
654,5.1,1.912,4.4,1.7764,654.mp3,Dizzy Banjo-Jazzy Macys (disquiet0038,asrealasitgets2),0.17,1.02,Jazz,development
656,2.6,1.1738,4.1,1.5239,656.mp3,Stephan Siebert,when,0.55,1.4,Jazz,development
657,5.1,0.99443,5.6,0.84327,657.mp3,Goto80 and the Uwe Schenk Band,Ponky Fonky Ferret,1.32,2.17,Jazz,development
658,4.4,1.6465,5.7,1.3375,658.mp3,Kevin MacLeod,AcidJazz,2.34,3.19,Jazz,development
660,2.1,1.1972,2.8,1.4757,660.mp3,Daddy_Scrabble,05 CherryBlossom,1.24,2.09,Jazz,development
661,2.2,1.8135,2.8,1.7512,661.mp3,Oaxacan,Are,0.06,0.51,Jazz,development
662,5.9,1.2867,5.1,2.2336,662.mp3,Latché Swing,Rythme Gitan,3.32,4.17,Jazz,development
663,3.3,1.8886,4.3,1.567,663.mp3,Spartak,Rail Star Mode,0.42,1.27,Jazz,development
664,7,1.0541,6.6,1.5055,664.mp3,Goto80 and the Uwe Schenk Band,Cable Swingin' Ferret,4.58,5.43,Jazz,development
665,5.7,1.8288,6.2,1.6865,665.mp3,Latché Swing,Sweet Georgia Brown,0.49,1.34,Jazz,evaluation
666,5.3,1.4944,5,2,666.mp3,Digital Primitives,Crackle & Pop,1.51,2.36,Jazz,development
667,4.2,1.4757,4.9,1.2867,667.mp3,Caravan of Thieves,I Can't Behave,1.06,1.51,Jazz,evaluation
668,5,1.633,5.3,1.7029,668.mp3,Daddy_Scrabble,LordDa Mercy,1.26,2.11,Jazz,evaluation
671,3.1,1.5951,3.7,1.6364,671.mp3,Latché Swing,Menilmontant,0.13,0.58,Jazz,development
672,4.4,2.4585,6.3,1.8288,672.mp3,Kevin MacLeod,Vibe Ace,0.11,0.56,Jazz,development
673,6.6,1.3499,6.7,1.4181,673.mp3,Los Sundayers,Mirando Hacia Atrás,0.57,1.42,Jazz,development
674,6.8,1.3984,7.4,1.4298,674.mp3,Latché Swing,Songe D'Automne,1.3,2.15,Jazz,development
675,5.1,1.5239,5.8,1.3166,675.mp3,Merkel & Fritzemeier,Meetin' & Movin',1.37,2.22,Jazz,development
676,6.6,2.5033,6.6,2.5033,676.mp3,The Underscore Orkestra,Chosen Kale Mazel Tov,2.35,3.2,Jazz,development
677,6.5,2.0138,5.3,1.8886,677.mp3,Neuroleptic Trio,Neuroleptic trio instrumental 6,0.47,1.32,Jazz,development
681,4.9,2.2336,6.6,1.8379,681.mp3,The Underscore Orkestra,Devil with the Devil,0.25,1.1,Jazz,development
682,4.8,1.3984,6,0.8165,682.mp3,Nature,Resonance,2.13,2.58,Jazz,development
684,4.3,1.7029,4.9,1.5239,684.mp3,Rushus,magic of fog,1.55,2.4,Jazz,evaluation
685,4.5,2.1213,3.6,2.1187,685.mp3,Curha,George,2.09,2.54,Jazz,development
686,3.4,1.6465,5.5,1.5092,686.mp3,Sergi Boal,is there anybody out there,2.18,3.03,Jazz,development
687,7.3,1.1595,7.4,0.96609,687.mp3,The Underscore Orkestra,Balancing Act Chosen Kale Mazel Tov,2.15,3,Jazz,evaluation
688,4.3,1.4944,5,1.6997,688.mp3,Lee Maddeford,Irresistible Yvette (with Les Gauchers Quintet),1.46,2.31,Jazz,development
689,3.8,1.7512,4.6,1.5055,689.mp3,Antony Raijekov-Ambient,M (2003),0.02,0.47,Jazz,development
690,2.4,2.1187,4.4,2.1705,690.mp3,Ann Alee,Infant Holy Infant Lowly,0.02,0.47,Jazz,development
691,5,1.6997,3.7,1.3375,691.mp3,Nature,Hard Time Killing Floor Blues,0.48,1.33,Jazz,evaluation
692,6.9,1.4491,6.1,1.792,692.mp3,Breuss Arrizabalaga Quintet-Nfamoudou,Boudougou,2.05,2.5,Jazz,development
693,6.2,1.6865,5.3,2.0575,693.mp3,Mystic Morrison Visions,Impressive,1.26,2.11,Jazz,development
695,5.9,1.6633,6.2,1.8135,695.mp3,Sunny Jain's Red Baraat Festival,Track 6,6.37,7.22,Jazz,development
696,5.3,2.3594,5.8,2.3476,696.mp3,Nature,Extraordinary Vibe,3.07,3.52,Jazz,development
697,4.8,1.6193,5.8,1.1353,697.mp3,DJ Harrison,VA Riding (Single Edit),0.18,1.03,Jazz,development
698,3.9,2.0248,3.7,1.7029,698.mp3,Bonobo,The Keeper (Live @ KEXP),1.45,2.3,Jazz,evaluation
699,3.7,1.8886,4.5,1.5811,699.mp3,Jared C. Balogh,SYMPHONIC SLIDE,3.09,3.54,Jazz,development
700,4.8,1.4757,5.6,1.4298,700.mp3,Sephirot,Moon Dream (Extended Mix),6.19,7.04,Jazz,development
702,7.5,1.5092,3.3,2.0575,702.mp3,WWIII,Shipyard,0.28,1.13,Jazz,development
703,5.1,2.1318,6,1.6997,703.mp3,Jazz at Mladost Club,Arana,3.16,4.01,Jazz,development
704,4.1,1.1005,4.2,1.4757,704.mp3,Daddy_Scrabble,Monkeys have arrived,0.21,1.06,Jazz,evaluation
706,5.5,0.84984,6,0.94281,706.mp3,The Underscore Orkestra,Amari Szi,3.15,4,Jazz,development
707,3.2,2.6583,3.1,1.912,707.mp3,Ben Holmes and Patrick Farrell,Prelude #2 in A Minor (Chopin),0.59,1.44,Jazz,development
708,3.2,2.2998,3.2,1.6865,708.mp3,Trans Atlantic Rage,NO MATH 7,1.5,2.35,Jazz,development
709,5.8,1.5492,5,1.8856,709.mp3,The Underscore Orkestra,Jovanko,1.59,2.44,Jazz,development
710,5.4,1.4298,5.1,1.3703,710.mp3,Ehran Elisha and Roy Campbell,They Enter Through the Ear,3.47,4.32,Jazz,evaluation
711,2.9,1.1972,3.1,1.1972,711.mp3,Kevin MacLeod,Dances and Dames,1.26,2.11,Jazz,development
712,3.4,1.1738,5.3,1.4944,712.mp3,Kevin MacLeod,As I Figure,0.41,1.26,Jazz,development
713,4.9,2.2828,6.3,2.1108,713.mp3,MarginalS,parte 1 parte 4,1.27,2.12,Jazz,development
714,4.4,1.8974,4.8,1.8738,714.mp3,Nature,In The Techno Tent,7.37,8.22,Jazz,development
715,2.9,1.4491,4.3,1.767,715.mp3,Jared C. Balogh,PULLING MYSELF UP THROUGH,3.22,4.07,Jazz,development
717,4.5,1.354,4.9,1.2867,717.mp3,The Underscore Orkestra,Underscore Underwear,0.04,0.49,Jazz,development
718,5.9,1.6633,6.5,1.7159,718.mp3,The Underscore Orkestra,Cocek,3.09,3.54,Jazz,evaluation
719,7.1,1.1972,7.2,1.2293,719.mp3,Los Sundayers,Transparente,0.2,1.05,Jazz,development
721,5.7,1.8886,5.5,1.0801,721.mp3,Nature,Mic Check,5.25,6.1,Jazz,evaluation
722,5.7,1.6364,7,0.66667,722.mp3,Quantum Jazz,Orbiting A Distant Planet,2.32,3.17,Jazz,development
723,6.5,1.8409,7.2,1.1353,723.mp3,ProleteR,April Showers,1.09,1.54,Jazz,evaluation
724,6,1.0541,6.1,1.1005,724.mp3,Rotterdam Ska Jazz Foundation,RSJFoundation live at Pacific Parc,2.36,3.21,Jazz,evaluation
725,5.1,1.792,5.1,1.5239,725.mp3,Mystic Morrison Visions,Octopus,1.28,2.13,Jazz,development
726,7,2.2608,3.6,1.8379,726.mp3,Cooper-Moore,Trio Take 5,0.16,1.01,Jazz,development
727,4.3,1.767,4.5,1.9579,727.mp3,Jared C. Balogh,THE HAPPIEST LIFE,1.44,2.29,Jazz,evaluation
728,6.9,1.8529,7.5,1.2693,728.mp3,The Underscore Orkestra,Magdalena,4.34,5.19,Jazz,development
729,6.4,1.075,3.5,1.6499,729.mp3,The Luddites,Pepper Spray Blues,2.23,3.08,Jazz,evaluation
730,3.7,1.7029,4.5,1.0801,730.mp3,Keinzweiter,Mircoobee,4.32,5.17,Jazz,development
731,7.3,1.7029,5.8,1.8738,731.mp3,Neuroleptic Trio,Džejbe Džejbe,0.46,1.31,Jazz,development
732,5.6,1.8379,6.3,0.94868,732.mp3,The Underscore Orkestra,Dobur Vecher,0.1,0.55,Jazz,development
733,4.3,1.4944,5,1.5635,733.mp3,Yair Yona,Mad About You,0.58,1.43,Jazz,development
734,5.7,1.8886,6.3,1.6364,734.mp3,Hugo 'Droopy' Contini,Sandu,0.18,1.03,Jazz,development
735,4.3,1.0593,4.9,0.99443,735.mp3,Revolution Void,Invisible Walls,5.48,6.33,Jazz,development
736,2.7,1.4944,3.7,0.94868,736.mp3,Kevin MacLeod-Night on the Docks,Sax,0.41,1.26,Jazz,development
737,4.1,0.99443,4.9,1.2867,737.mp3,DJ Harrison,Some Other Place,0.06,0.51,Jazz,development
738,5.5,1.5092,6.2,1.3984,738.mp3,The Underscore Orkestra,Blue Draggish,0.57,1.42,Jazz,development
739,6.2,1.6193,6.9,0.99443,739.mp3,Quantum Jazz,Balcarabic Chicken,0.23,1.08,Jazz,development
740,3.7,1.8886,4,1.4142,740.mp3,Gilad Atzmon,Futoristico,0.55,1.4,Jazz,development
741,4.6,1.5776,4.4,1.5776,741.mp3,The Underscore Orkestra,Broken String,0.12,0.57,Jazz,development
742,6.1,2.2336,6.5,1.7159,742.mp3,OPRACHINA-Oprachina,Nitro,0.07,0.52,Jazz,development
743,3.1,1.5239,5,2.0548,743.mp3,Blue Swerver,Tasky,0.17,1.02,Jazz,evaluation
744,6.1,1.3703,5.5,1.1785,744.mp3,Thiago França,Capadócia,0.5,1.35,Jazz,development
745,4.2,1.1353,1.6,0.69921,745.mp3,Kreng,Maia,0.13,0.58,Jazz,development
746,3.7,1.8288,4.6,2.0111,746.mp3,The Moonlighters,My Blackbirds Are Bluebirds Now,1.2,2.05,Jazz,evaluation
747,3.6,1.4298,4.9,1.2867,747.mp3,Stephan Siebert-auf,bruch,4.19,5.04,Jazz,development
748,5.1,2.0248,4.4,1.6465,748.mp3,Dirty Beaches,Night City,1.19,2.04,Jazz,evaluation
749,4.2,1.3166,4.9,1.4491,749.mp3,Slumgum,Big Fun (New Ruckus),0.15,1,Jazz,evaluation
750,5.3,2.1108,5.7,2.0028,750.mp3,Ben Holmes and Patrick Farrell,Street Song  Honga,5.18,6.03,Jazz,development
756,5.9,1.9692,6.8,0.78881,756.mp3,Plurabelle,Lips,0.21,1.06,Pop,evaluation
757,6,1.3333,6.1,1.4491,757.mp3,Kurt Vile,Freeway,1.15,2,Pop,development
758,4.8,1.9889,5.9,1.1005,758.mp3,ghostandthesong,Ou Inme,0.09,0.54,Pop,evaluation
759,6.7,0.94868,5.9,1.1972,759.mp3,Lame Drivers,Frozen Egg,0.26,1.11,Pop,development
763,3.5,1.5092,5.5,1.4337,763.mp3,Jahzzar,Siesta,1.05,1.5,Pop,evaluation
764,6.3,1.7029,7.5,0.97183,764.mp3,Sleeping Policemen,Vogelbird,2.03,2.48,Pop,development
767,5.2,1.3166,6.5,0.52705,767.mp3,Windom Earle,kirblooey,0.03,0.48,Pop,development
769,6.2,1.7512,5,2.1602,769.mp3,AMANDA,Chaos,0.11,0.56,Pop,development
773,4.5,1.8409,4.7,2.1108,773.mp3,U.S. Girls,The Island Song,1.59,2.44,Pop,development
775,3.7,1.6364,4.4,1.5776,775.mp3,Ghost Hunter,In The Early Months Of The Emergency,0.18,1.03,Pop,development
776,3.5,1.8409,4.5,2.3214,776.mp3,Ghost Hunter,Through The Haze Of The Green Glasses,0.38,1.23,Pop,development
777,6.2,2.2509,5.1,2.2828,777.mp3,The Strangers,A Little Too Fast,0.21,1.06,Pop,development
779,2.8,1.5492,5.3,1.4944,779.mp3,Macaw,What Circle Where,0.35,1.2,Pop,development
780,5.8,1.4757,6.2,1.6193,780.mp3,The Wildbunch,Gay_Bar_videogame,0.01,0.46,Pop,development
781,4.9,2.1318,6.3,2.2136,781.mp3,Delicate Steve,Butterfly,2.16,3.01,Pop,development
782,7.2,1.4757,4.7,2.5841,782.mp3,The Strangers,Who Are You,1,1.45,Pop,development
784,4.7,1.767,5.7,1.4181,784.mp3,Benjamin Bret,Le Gateau Au Yaourt,0.13,0.58,Pop,evaluation
787,6.1,1.912,6.3,1.7029,787.mp3,coverclub.nl-Schotel van de Dag,Ride The Tide,1.33,2.18,Pop,development
789,3.9,2.3781,5.2,2.044,789.mp3,Austin Leonard Jones,No Slow Dancing,0.31,1.16,Pop,evaluation
790,7.2,1.3166,5.4,1.5055,790.mp3,Sycamore Drive,City Sounds,0.34,1.19,Pop,development
791,2.7,1.3375,4.6,1.7764,791.mp3,Lezet,West Bank,0.03,0.48,Pop,development
794,2.5,1.0801,4.2,1.1353,794.mp3,Two Bicycles,Window #3,0.07,0.52,Pop,development
795,2.2,1.0328,3.5,1.1785,795.mp3,Ergo Phizmiz,Simon Cowell,2.28,3.13,Pop,development
796,5.2,2.3944,5.1,1.9692,796.mp3,Learning Music,Ghost Transference,1.55,2.4,Pop,development
797,4.9,2.2336,5.4,1.9551,797.mp3,Monday Night Fever,Sunday Lovers,1.57,2.42,Pop,evaluation
798,6.5,1.5092,5.9,1.8529,798.mp3,Casetofoane,Waha,1.14,1.59,Pop,development
799,4.1,1.2867,5.6,0.69921,799.mp3,Ducktails,Beach Point Pleasant,4.28,5.13,Pop,development
800,4.5,1.7159,4.5,1.9579,800.mp3,Les Oreilles-Quarante,Cinq,1.45,2.3,Pop,development
801,3.3,2.1108,3.5,2.2236,801.mp3,Keshco,Marty Feldman,0.1,0.55,Pop,development
804,6.9,1.1005,6.8,0.63246,804.mp3,Jahzzar,Birthday Cake,3.4,4.25,Pop,development
805,2.2,1.0328,3.5,1.4337,805.mp3,Keshco,Son Of A Systems Engineer Manager,0.55,1.4,Pop,development
806,6.4,1.7764,6.6,1.8974,806.mp3,coverclub.nl-Laura Vane & the Vipertones,Christmas Day With Me,0.47,1.32,Pop,development
807,4.8,1.6865,6.5,0.97183,807.mp3,Björn & Gorden,Ftgrr,2.32,3.17,Pop,development
808,3.1,1.5951,4.3,1.9465,808.mp3,Greg Gibbs,Lost,0.37,1.22,Pop,development
810,6.5,1.6499,6.6,0.69921,810.mp3,Los Amparito,El barzón,2.36,3.21,Pop,evaluation
811,4.1,1.5239,4.9,1.4491,811.mp3,Party People in a Can,Tourist Shooting Tar Balls,1.1,1.55,Pop,development
813,6.2,1.2293,6.7,1.0593,813.mp3,My Bubba & Mi,Wild & You,0.08,0.53,Pop,development
814,6.1,1.4491,5.3,1.7029,814.mp3,etc.,re bitterfly,0.19,1.04,Pop,development
815,5.5,1.6499,5.9,0.99443,815.mp3,Plurabelle,LightLivid,2.37,3.22,Pop,development
818,5.9,1.3703,6.8,1.4757,818.mp3,Miró Belle,In Fielder,1.05,1.5,Pop,evaluation
819,4,1.9437,5.7,1.4944,819.mp3,Ergo Phizmiz,Tilly's Punctured Romancer,0.39,1.24,Pop,development
820,6.4,1.5055,6.4,1.4298,820.mp3,Plurabelle,Wallflower,1.49,2.34,Pop,development
823,4.8,1.6193,4.8,1.2293,823.mp3,Gringo Star,You Want It,0.01,0.46,Pop,development
824,7.2,1.4757,7,1.0541,824.mp3,Sycamore Drive,Untold Story,0.58,1.43,Pop,evaluation
825,4.1,2.331,5.7,1.2517,825.mp3,FAVORS,I Keep My Soul Alive with Different Kinds of Germs,0.46,1.31,Pop,development
826,4,1.633,4.7,1.4181,826.mp3,Dean & Britta,I'll Keep It With Mine,2.59,3.44,Pop,evaluation
829,2.3,1.0593,4.5,1.4337,829.mp3,Jahzzar,Talk to me,0.14,0.59,Pop,evaluation
830,5.3,1.567,5.9,1.5239,830.mp3,Casetofoane,Enel,5.17,6.02,Pop,development
831,5.2,1.2293,6.2,0.78881,831.mp3,Casetofoane,Electrohood,5.31,6.16,Pop,development
833,5,1.633,5.8,1.2293,833.mp3,Casetofoane,Rocky 5000,3.55,4.4,Pop,development
834,4.7,1.8288,4.3,1.8886,834.mp3,Keshco,Fly By Night,0.52,1.37,Pop,development
836,7.1,1.1972,5.7,2.0028,836.mp3,The Scallions,Memories Are Made of This,1.57,2.42,Pop,development
839,5.7,1.4181,4.4,1.8379,839.mp3,Ergo Phizmiz,Fun With Petroleum,3.01,3.46,Pop,development
841,4.2,1.4757,4.7,1.2517,841.mp3,Kurt Vile,Nicotine Blues,0.53,1.38,Pop,development
844,3.8,2.0976,3.4,1.2649,844.mp3,Gustav Taxén,Wizball,1.54,2.39,Pop,evaluation
845,5.1,1.9692,4,1.8257,845.mp3,Christian Vestergaard,The Great Giana Sisters (Piano cover),1.33,2.18,Pop,development
846,6,1.1547,5.5,1.1785,846.mp3,Flora,High Buildings,2.06,2.51,Pop,development
848,2.2,1.3984,2.7,1.1595,848.mp3,Shirley and Spinoza-Half,Eating Baby Lions Nightmare,3.03,3.48,Pop,development
850,3.3333,1.9365,2.7778,0.97183,850.mp3,Ergo Phizmiz,Strange Things,0.2,1.05,Pop,development
851,5,0.8165,4.4,1.075,851.mp3,How How-Tetrolux,Etam Etamski,0.26,1.11,Pop,development
852,4.5,1.5811,4.7,2.1628,852.mp3,Andrea Baroni,Erebus (piano),0.34,1.19,Pop,development
854,2.9,1.3703,3.8,1.5492,854.mp3,My Bubba & Mi,Through & Through,0.4,1.25,Pop,development
855,2.9,1.9692,4.5,1.4337,855.mp3,The Family Simpson,2,0.37,1.22,Pop,evaluation
856,6.7,0.94868,5.6,0.84327,856.mp3,Sloan,The Other Man,1.38,2.23,Pop,development
857,4.9,1.9692,5.3,2.0575,857.mp3,Charlotte Gainsbourg,Trick Pony (Live @ KEXP),1.23,2.08,Pop,development
858,4.4,2.1187,4.5,2.3214,858.mp3,Jahzzar,Alive,2.13,2.58,Pop,development
859,3.6,2.1187,5.1,2.1318,859.mp3,Moonove,Delta,1.43,2.28,Pop,development
860,6.6,0.96609,6.7,1.3375,860.mp3,MrJuan,Señor Bomba,1.15,2,Pop,development
863,6.4,1.1738,7,1.0541,863.mp3,Computer Magic,The End of Time,1.5,2.35,Pop,development
864,5.7,1.1595,5.9,1.1005,864.mp3,Jahzzar,Polaroid,1.55,2.4,Pop,development
865,2.8,1.8738,4.6,1.5776,865.mp3,The Mythics,Love Me Like You,0.53,1.38,Pop,development
866,5.8,1.2293,5.1,1.6633,866.mp3,Deerhoof,Basket Ball Get Your Groove Back (Live @ KEXP),0.03,0.48,Pop,development
867,5.8,1.9322,6.5,2.1213,867.mp3,Duda Nunes,Saudades,0.52,1.37,Pop,development
869,2.6,1.7764,4.1,2.0248,869.mp3,Plurabelle,cuts&bruises,0.4,1.25,Pop,development
871,6.4,1.4298,6,1.9437,871.mp3,Sycamore Drive,Deep Thought Process,0.13,0.58,Pop,development
872,3.4,1.7127,5.5,1.9003,872.mp3,Cranston,Ticking Away,0.22,1.07,Pop,development
873,6.8,1.0328,7,0.8165,873.mp3,YACHT,Summer Song (Instrumental),1.17,2.02,Pop,development
874,6.3,1.567,4.4,2.0656,874.mp3,Black Math,This Love's Got to Change,0.16,1.01,Pop,development
876,6.3,2.3118,6.7,1.767,876.mp3,et_,Kopeika,5.45,6.3,Rock,development
879,5.6,1.075,6,1.3333,879.mp3,State Shirt,Computer,1.5,2.35,Rock,development
880,4.9,2.2336,3.8,1.7512,880.mp3,Hogan Grip,Stance Gives You Balance,2.18,3.03,Rock,development
882,5.3,1.767,5.2,1.5492,882.mp3,Jahzzar,The last ones,0.44,1.29,Rock,development
884,5.5,2.0683,5,1.5635,884.mp3,Ghost Hunter,Old White Eye,0.19,1.04,Rock,development
886,5.9,0.99443,5.4,1.4298,886.mp3,krackatoa,Mariachi Bandits of Gatling Gun Ridge,2.32,3.17,Rock,evaluation
887,5.1,1.7288,5.6,1.5055,887.mp3,Kraus,Happening for Lulu,1.06,1.51,Rock,development
889,6.9,1.792,7.2,1.6193,889.mp3,The Freak Fandango Orchestra,Requiem for a Fish,0.32,1.17,Rock,development
890,3.6,1.6465,4.7,1.767,890.mp3,Holy Coast,The Beach! The Beach!,0.08,0.53,Rock,evaluation
891,3.4,1.5055,5.5,1.0801,891.mp3,Gillicuddy,Jupiter The Blue,0.27,1.12,Rock,development
892,3.9,2.1318,2.9,1.1972,892.mp3,Paneye,North Sea Radio,0.58,1.43,Rock,development
893,7.3,1.9465,3.3,2.1628,893.mp3,Tyrannic Toy,Blackroad,0.25,1.1,Rock,evaluation
897,4.9,1.4491,4.3,1.4181,897.mp3,reed blue & exteenager,arriba,0.01,0.46,Rock,development
898,6.4,2.0111,5.5,2.0138,898.mp3,Room For A Ghost,No,3.16,4.01,Rock,development
899,5.3,1.8886,6.3,1.6364,899.mp3,Linus Akesson,One Man And His Piano,1.26,2.11,Rock,evaluation
902,7,0.8165,3.3,1.6364,902.mp3,Arrogalla remixes Dadub,Naramiddu poita (feat,0.56,1.41,Rock,development
903,5.9,1.1972,5.6,1.2649,903.mp3,Vivian Girls,Wild Eyes (live @ WFMU),0.5,1.35,Rock,development
904,5.7,1.2517,4.2,1.8135,904.mp3,krackatoa,Something In the Woods,3,3.45,Rock,development
908,5.5,1.1785,4.9,1.7288,908.mp3,Karen Cooper Complex,You Can't Have It   Shinjuku Birdwalk,1.21,2.06,Rock,development
909,6,2,5.5,2.3214,909.mp3,Juanitos,Exotica,0.26,1.11,Rock,development
910,7,1.633,6.6,1.8379,910.mp3,YACHT,Utopia (instrumental),0.45,1.3,Rock,development
911,7.1,1.2867,4,1.5635,911.mp3,Original Innocence,Jungle Law,0.24,1.09,Rock,development
913,4.8,2.044,3.3,1.6364,913.mp3,Mountain Cult,Untitled 06,4.58,5.43,Rock,development
915,5,2,5.2,1.6193,915.mp3,Noi,Everything Is Changing,0.42,1.27,Rock,development
921,5.9,1.1972,6.1,1.3703,921.mp3,Juanitos,Sambarama,2.04,2.49,Rock,development
924,5.4,1.8974,6.2,1.4757,924.mp3,Juanitos,Strange Italian Song,2.3,3.15,Rock,evaluation
925,4.9,1.5951,5.7,1.7029,925.mp3,Charles Atlas,Photosphere,3.45,4.3,Rock,development
926,4,1.6997,5.5,1.0801,926.mp3,Everlone,Flying Alaska V,2.06,2.51,Rock,development
928,5,2.0548,4,1.8856,928.mp3,Waiters,the  13 O' Clock in the Morning,2.23,3.08,Rock,development
931,6.3,2.3118,6.5,1.8409,931.mp3,Halloween,Mickey Maos,0.26,1.11,Rock,development
932,4.5,1.4337,4.9,1.8529,932.mp3,…And You Will Know Us By The Trail Of Dead,Crowning Of A Heart (Live @ KEXP),0.45,1.3,Rock,development
934,6.2,1.8738,6.4,1.7127,934.mp3,Lame Drivers,Other Side,0.53,1.38,Rock,evaluation
936,5.4,1.6465,4.7,1.767,936.mp3,Dumbo Gets Mad,Plumy Tale,0.32,1.17,Rock,development
938,7.3,0.82327,4.2,1.3984,938.mp3,Milk Music,Thrashing In The Unknown,2.49,3.34,Rock,evaluation
939,6.2,1.4757,2.7,1.1595,939.mp3,Richard There,You should go on,0.02,0.47,Rock,development
941,7.2,1.0328,5.9,1.792,941.mp3,Morphamish+ Tekkerz,Get My Fix (Morphamish Mix),1.31,2.16,Rock,development
942,4.8,1.6865,4.1,2.079,942.mp3,Pajaro,Santa Leone,0.03,0.48,Rock,evaluation
944,7.1,0.99443,6.5,1.2693,944.mp3,Shark,Hey Grrl,0.29,1.14,Rock,development
945,2.3,1.4181,2.8,1.5492,945.mp3,The Ghost Of 29 Megacycles,Leelo (Part 1),5.01,5.46,Rock,evaluation
949,5.7,1.567,6.1,1.2867,949.mp3,Waylon Thornton,Favorite Secrets,0.02,0.47,Rock,development
952,4.2,2.2509,3.7,1.4181,952.mp3,Glass Boy,Monday at 12,0.21,1.06,Rock,development
954,5.1,1.6633,5.5,1.0801,954.mp3,Doron Deutsch,Bruce Lee (acoustic Jam),2.49,3.34,Rock,development
955,3.8,1.4757,5.6,0.84327,955.mp3,Everlone,Blind Eyes,0.08,0.53,Rock,evaluation
956,4.5,1.0801,5.4,0.96609,956.mp3,end's not near,Indian Summer,3.21,4.06,Rock,development
957,2.8,1.1353,4.7,1.6364,957.mp3,un automne à Lob-Nor,boss A,2.55,3.4,Rock,development
958,5.5,1.9579,5.1,1.912,958.mp3,Trailblazer,(Untitled 1),1.38,2.23,Rock,development
959,6.2,2.044,6.4,2.1187,959.mp3,springtide,Indyair,0.48,1.33,Rock,development
960,7.7,1.3375,7.7,0.82327,960.mp3,Anamanaguchi,Helix Nebula,0.52,1.37,Rock,development
961,5.6,0.84327,5.5,1.2693,961.mp3,James Beaudreau,Union Square,3.33,4.18,Rock,development
962,7.4,0.96609,3.4,1.5776,962.mp3,Ice Age,Rotting Heights,0.2,1.05,Rock,evaluation
964,7.6,0.96609,7,1.5635,964.mp3,J.Walker & The Crossguards,Driftin' Around,0.28,1.13,Rock,development
967,2.8,2.201,4.4,2.2706,967.mp3,Daniel Johnston,I Had A Dream,1.02,1.47,Rock,development
968,3.8,2.2509,3.2,1.8135,968.mp3,Abe Sada-Black,Bar Trombone,1.01,1.46,Rock,development
970,6.6,1.6465,6.6,1.6465,970.mp3,Pharaos,The Pharaos' Theme,0.45,1.3,Rock,evaluation
973,6.5,1.9003,4.6,2.2211,973.mp3,Mount Carmel,Swagg's & Elliot,0.17,1.02,Rock,development
974,4.1,1.7288,4.2,1.8738,974.mp3,Karl Blau,Crucial Contact,1.2,2.05,Rock,development
976,6.2,1.1353,5.9,1.2867,976.mp3,Glass Boy,Merry Christmas,2.35,3.2,Rock,development
977,7.3,1.0593,3.5,1.7159,977.mp3,Black Math,Suck City,1.03,1.48,Rock,development
978,7.7,1.4944,6.1,2.1318,978.mp3,krackatoa,Absolutely Gorgeous,1.06,1.51,Rock,development
979,3.1,1.6633,5.5,1.9579,979.mp3,Rue Royale,Deck the Halls,0.24,1.09,Rock,development
980,5.8,1.2293,4.3,1.8288,980.mp3,Mahjongg,Tell The Police The Truth,0.32,1.17,Rock,development
981,6.7,1.8886,6.6,1.5776,981.mp3,Morphamish,Bottums Up,1.45,2.3,Rock,development
983,4.8,2.3476,6.3,1.3375,983.mp3,YACHT,Tripped & Fell In Love (instrumental),5.19,6.04,Rock,development
985,3.9,1.912,6.1,1.2867,985.mp3,Beach House,Zebra (Live @ KEXP),1.41,2.26,Rock,evaluation
986,5.8,1.0328,4.5,2.0683,986.mp3,Suicide,Girl,1.36,2.21,Rock,development
987,6.3,1.7029,3.6,1.6465,987.mp3,Jack Ruby,Hit and Run,0.44,1.29,Rock,development
988,5.4,1.2649,5.9,1.5951,988.mp3,Bluebrain,The Pull,0.12,0.57,Rock,evaluation
989,6.3,2.1108,6.4,1.6465,989.mp3,Vespre,piste quatre,3.39,4.24,Rock,development
990,6,1.6997,6.1,1.5951,990.mp3,Jenifer Avila,El Tranvía,1.12,1.57,Rock,development
991,3.1,1.3703,3.5,1.5811,991.mp3,Moore & Sons,Moving Away,0.28,1.13,Rock,development
993,4.4,1.2649,3.8,1.2293,993.mp3,Hogan Grip,Stance Gives You Power,0.01,0.46,Rock,development
994,6.6,1.8379,5.3,1.6364,994.mp3,Morphamish remixes Full Blush,Engine #3 (Morphamish Remix),3.49,4.34,Rock,development
995,4.7,1.3375,2.4,0.96609,995.mp3,Benjamin Bret,Honte De Toi,1.08,1.53,Rock,development
996,6,1.6997,6.7,1.767,996.mp3,Jahzzar,Fireworks,0.17,1.02,Rock,development
997,6.4,2.2211,6.7,1.767,997.mp3,Halloween,Monster On Campus,0.28,1.13,Rock,development
999,4.1,2.4244,5.9,1.6633,999.mp3,Jahzzar,So Easy,0.51,1.36,Rock,development
1000,7.2222,1.0929,5.8889,2.0883,1000.mp3,Republic Of Lights-Got You Surrounded,Single,0.42,1.27,Rock,evaluation
