track.name,Song_title,danceability,energy,key,key_name,loudness,mode,mode_name,speechiness,acousticness,instrumentalness,liveness,valence,tempo,track.id,track.preview_url,track.uri
Nothing Much,Nothing Much,0.488,0.251,11,B,-12.351,1,major,0.0273,0.827,2.11e-5,0.242,0.575,99.639,32xfcxu2gKRVmDopzlmnUc,https://p.scdn.co/mp3-preview/458833269a9a9684b84930c951c0c557c3df146f?cid=71df4006c91441bc8755ad3b5b9bd0d2,spotify:track:32xfcxu2gKRVmDopzlmnUc
Oh Kiss No,Oh Kiss No,0.639,0.209,0,C,-12.915,0,minor,0.0332,0.785,3.68e-6,0.373,0.211,87.412,1ocORq8GJBUAIJdi8QPgme,https://p.scdn.co/mp3-preview/13d93d5ee4c1e88e6d59d420a08962176ac97639?cid=71df4006c91441bc8755ad3b5b9bd0d2,spotify:track:1ocORq8GJBUAIJdi8QPgme
Beat the Devil's Tattoo,Beat the Devil's Tattoo,0.521,0.921,4,E,-2.744,1,major,0.0382,0.42,0.0207,0.175,0.707,96.51,2iPTESocncak2Q45oXzKOG,https://p.scdn.co/mp3-preview/617e3958219b8c6058f2358c23833ac990210f88?cid=71df4006c91441bc8755ad3b5b9bd0d2,spotify:track:2iPTESocncak2Q45oXzKOG
Vultures,Vultures,0.56,0.856,8,G#,-6.028,1,major,0.0511,0.0477,9.38e-6,0.0785,0.394,125.024,2bhwPUsgts9pmZIbMvlHZV,https://p.scdn.co/mp3-preview/ce65479e9db41aaa581691d3471eca3f56f160c6?cid=71df4006c91441bc8755ad3b5b9bd0d2,spotify:track:2bhwPUsgts9pmZIbMvlHZV
All Is Right,All Is Right,0.563,0.488,9,A,-10.37,1,major,0.0468,0.0366,0.0692,0.454,0.365,80.734,4xIlIbQDXw9BXVFcBdPrvW,https://p.scdn.co/mp3-preview/59e32269c5e12da09b4a74dfb1f2099a8a9ec8b5?cid=71df4006c91441bc8755ad3b5b9bd0d2,spotify:track:4xIlIbQDXw9BXVFcBdPrvW
Afro,Afro,0.599,0.847,6,F#,-5.818,0,minor,0.0477,0.00304,0.809,0.0704,0.916,124.528,1X5DB8JnEDPiPskaxLIbfk,https://p.scdn.co/mp3-preview/6f8c5b0403823e368a6e98fe2a20bce1061ca047?cid=71df4006c91441bc8755ad3b5b9bd0d2,spotify:track:1X5DB8JnEDPiPskaxLIbfk
Ramblin' Rose,Ramblin' Rose,0.34,0.798,4,E,-10.599,1,major,0.0722,0.0606,0.00131,0.967,0.745,134.828,63HsldLyUvbyaUkv8DcEaQ,https://p.scdn.co/mp3-preview/43d80663664f253a67b2aec42ffd60eacb4d7cfe?cid=71df4006c91441bc8755ad3b5b9bd0d2,spotify:track:63HsldLyUvbyaUkv8DcEaQ
You and Me Baby (Holding On),You and Me Baby (Holding On),0.469,0.45,7,G,-7.585,1,major,0.0271,0.194,1.47e-6,0.223,0.195,134.642,02OrsuIivnmlXtE42V0w6g,https://p.scdn.co/mp3-preview/fe200b690761673d8d570d4f3b65445885a81120?cid=71df4006c91441bc8755ad3b5b9bd0d2,spotify:track:02OrsuIivnmlXtE42V0w6g
Broken,Broken,0.491,0.142,0,C,-13.427,1,major,0.0387,0.127,0.0264,0.103,0.136,134.277,16tz1QwDkta2kNWQFrpNxh,https://p.scdn.co/mp3-preview/22e19517ae64e6ffa18f6f07cd7cfbf908accef6?cid=71df4006c91441bc8755ad3b5b9bd0d2,spotify:track:16tz1QwDkta2kNWQFrpNxh
Baby Please Don't Go,Baby Please Don't Go,0.702,0.118,7,G,-17.211,1,major,0.043,0.946,0.00134,0.122,0.595,138.574,09OgC4U04x6DhzqEr9AdRy,https://p.scdn.co/mp3-preview/783960f17eda87581f75133400a13865e0faa885?cid=71df4006c91441bc8755ad3b5b9bd0d2,spotify:track:09OgC4U04x6DhzqEr9AdRy
Fafa,Fafa,0.435,0.606,10,A#,-5.614,1,major,0.0342,0.724,0.277,0.18,0.374,92.749,67raFTzuOzVFZyEYxbiMxL,https://p.scdn.co/mp3-preview/c032485fe999389aada2365d86d77f5d5a0064d1?cid=71df4006c91441bc8755ad3b5b9bd0d2,spotify:track:67raFTzuOzVFZyEYxbiMxL
Nothing's Any Fun Any More,Nothing's Any Fun Any More,0.533,0.275,11,B,-10.253,1,major,0.0435,0.0538,0.92,0.263,0.224,159.904,2cLDzWMrkDtzdyk8zD3n9B,https://p.scdn.co/mp3-preview/33d3baf339141e0f9f23907e194e39010ec53ffa?cid=71df4006c91441bc8755ad3b5b9bd0d2,spotify:track:2cLDzWMrkDtzdyk8zD3n9B
Bellbottoms,Bellbottoms,0.391,0.883,2,D,-4.467,1,major,0.216,0.0101,0.1,0.352,0.476,116.968,7sC9FifCXZHgjTAjFO1ykA,NA,spotify:track:7sC9FifCXZHgjTAjFO1ykA
Sixes & Sevens,Sixes & Sevens,0.262,0.455,7,G,-9.586,1,major,0.0452,0.698,0.948,0.0763,0.0337,134.778,2OOHohebtIGuy0bPHCawqb,https://p.scdn.co/mp3-preview/afd467123c8d18441718a85f78787dcf45cfa758?cid=71df4006c91441bc8755ad3b5b9bd0d2,spotify:track:2OOHohebtIGuy0bPHCawqb
Roulette,Roulette,0.725,0.479,9,A,-6.705,0,minor,0.0315,0.0572,0.00434,0.094,0.796,83.987,0RB0xia9sqTijx5RBtGdLP,https://p.scdn.co/mp3-preview/d9768a4542465149323bdcd2463d7e810e496ab2?cid=71df4006c91441bc8755ad3b5b9bd0d2,spotify:track:0RB0xia9sqTijx5RBtGdLP
Goin' on an Adventure,Goin' on an Adventure,0.694,0.55,8,G#,-7.603,1,major,0.0291,0.45,0,0.189,0.898,115.258,68qkiRJbFsEIQOkfxx4350,https://p.scdn.co/mp3-preview/8ac49c73fea13c2ba4ea1c33e1bb85eb50fcd82b?cid=71df4006c91441bc8755ad3b5b9bd0d2,spotify:track:68qkiRJbFsEIQOkfxx4350
Swallow Me Up,Swallow Me Up,0.2,0.84,4,E,-7.469,0,minor,0.0778,0.0342,0.321,0.155,0.597,163.289,5KYUZMPeH7jPslrmcvwqOQ,https://p.scdn.co/mp3-preview/179b2a351a1c5b47d7b2d82dc61e520c330c556c?cid=71df4006c91441bc8755ad3b5b9bd0d2,spotify:track:5KYUZMPeH7jPslrmcvwqOQ
Eat At Joe's,Eat At Joe's,0.782,0.405,5,F,-9.658,0,minor,0.0333,0.328,0,0.153,0.241,112.72,3OzUom2zgpqo8zxWE3myeU,NA,spotify:track:3OzUom2zgpqo8zxWE3myeU
Wood For the Trees,Wood For the Trees,0.624,0.313,11,B,-12.169,0,minor,0.0328,0.0235,0.059,0.115,0.147,93.617,2cxB0r6YfNFB3bsKEvLtoW,https://p.scdn.co/mp3-preview/d1a5f52bc92de2367c86725b25ba84ace3da9798?cid=71df4006c91441bc8755ad3b5b9bd0d2,spotify:track:2cxB0r6YfNFB3bsKEvLtoW
Waitin',Waitin',0.535,0.904,11,B,-5.701,0,minor,0.0383,0.0206,0.00292,0.0776,0.699,179.926,1BHifdEot6SPVn0KkNehX0,https://p.scdn.co/mp3-preview/5be39c3f6904f5fe6b66d54abcaec7f400005ef4?cid=71df4006c91441bc8755ad3b5b9bd0d2,spotify:track:1BHifdEot6SPVn0KkNehX0
Old Strange,Old Strange,0.311,0.389,0,C,-12.867,1,major,0.0273,0.804,0.708,0.107,0.627,174.491,1D4Vky2ahLps2vwB41MAse,https://p.scdn.co/mp3-preview/8a0e465efe20cd6ca935f1ddcf76ffed46788892?cid=71df4006c91441bc8755ad3b5b9bd0d2,spotify:track:1D4Vky2ahLps2vwB41MAse
Old Strange,Old Strange,0.311,0.389,0,C,-12.867,1,major,0.0273,0.804,0.708,0.107,0.627,174.491,1D4Vky2ahLps2vwB41MAse,https://p.scdn.co/mp3-preview/8a0e465efe20cd6ca935f1ddcf76ffed46788892?cid=71df4006c91441bc8755ad3b5b9bd0d2,spotify:track:1D4Vky2ahLps2vwB41MAse
Aces and Twos,Aces and Twos,0.64,0.688,7,G,-8.351,1,major,0.034,0.538,0.00114,0.105,0.969,130.31,7xg5qRVUAVKpaShA1hyF3D,https://p.scdn.co/mp3-preview/8417466e317281bfdf762daac4c8c6e97f0e75bd?cid=71df4006c91441bc8755ad3b5b9bd0d2,spotify:track:7xg5qRVUAVKpaShA1hyF3D
Electricity,Electricity,0.4,0.239,2,D,-14.806,1,major,0.0322,0.744,0.882,0.0782,0.0695,142.7,7lmEdG3TLqNpbjT6NPVkcL,https://p.scdn.co/mp3-preview/b9ff281924962eaadd8fd978fc0f6d9eee218feb?cid=71df4006c91441bc8755ad3b5b9bd0d2,spotify:track:7lmEdG3TLqNpbjT6NPVkcL
Girl Might Do,Girl Might Do,0.745,0.75,5,F,-6.878,1,major,0.0237,0.00519,0.0159,0.398,0.842,107.942,30VcMMekXm5eMPAufzK3ci,https://p.scdn.co/mp3-preview/55423fa6252c1fab807c74304c58773568d53a1d?cid=71df4006c91441bc8755ad3b5b9bd0d2,spotify:track:30VcMMekXm5eMPAufzK3ci
Wander In A Dream,Wander In A Dream,0.478,0.283,4,E,-8.628,0,minor,0.0305,0.506,0.0112,0.12,0.365,143.696,1cuLKiCr5mbYMlevxw1NLE,https://p.scdn.co/mp3-preview/ded80d6efeb472a5e4683b476007e739fa2a6da9?cid=71df4006c91441bc8755ad3b5b9bd0d2,spotify:track:1cuLKiCr5mbYMlevxw1NLE
Giving Away the Bride,Giving Away the Bride,0.674,0.541,9,A,-16.398,0,minor,0.0725,0.437,0.604,0.097,0.582,81.497,5QtlSCyPfpJkbEiodiJmKJ,https://p.scdn.co/mp3-preview/09a8b746e520637245c6da72a17192f6f1d846d5?cid=71df4006c91441bc8755ad3b5b9bd0d2,spotify:track:5QtlSCyPfpJkbEiodiJmKJ
Drop Down Low,Drop Down Low,0.767,0.543,7,G,-3.977,1,major,0.0434,0.152,0.853,0.0978,0.786,99.82,1HIoDx9T6mIOtUbLA1ZwiG,https://p.scdn.co/mp3-preview/af48ef73856b306def03d0200139db65919e03e5?cid=71df4006c91441bc8755ad3b5b9bd0d2,spotify:track:1HIoDx9T6mIOtUbLA1ZwiG
Big Mamou - Live,Big Mamou - Live,0.422,0.569,4,E,-14.936,1,major,0.0348,0.197,6.14e-6,0.687,0.926,65.364,4YxXKYvA9qmk9CUaMZ82Tz,NA,spotify:track:4YxXKYvA9qmk9CUaMZ82Tz
Mistress Song,Mistress Song,0.567,0.507,9,A,-6.941,0,minor,0.118,0.788,2.95e-4,0.0684,0.192,78.749,2oVHVi0m6koSslwBcTHQgh,https://p.scdn.co/mp3-preview/fbc9074a993de7fd04d8df45fecefb35f0f982b4?cid=71df4006c91441bc8755ad3b5b9bd0d2,spotify:track:2oVHVi0m6koSslwBcTHQgh
Ethio Song,Ethio Song,0.311,0.649,3,D#,-5.677,0,minor,0.0328,0.195,0.614,0.0696,0.36,120.658,3KhW7PZVVK1c6FO4DqdVXi,https://p.scdn.co/mp3-preview/e53c8953a5c2fc8f0e383ba35f0aa3f4a9953137?cid=71df4006c91441bc8755ad3b5b9bd0d2,spotify:track:3KhW7PZVVK1c6FO4DqdVXi
Mr. Franklin,Mr. Franklin,0.517,0.41,2,D,-10.353,0,minor,0.027,0.236,0.331,0.269,0.556,103.075,3tlGHRFZMQXTM6QzCGLtFS,https://p.scdn.co/mp3-preview/661f0137fa371d80e59b70e161003b1926686d64?cid=71df4006c91441bc8755ad3b5b9bd0d2,spotify:track:3tlGHRFZMQXTM6QzCGLtFS
Sunset,Sunset,0.209,0.1,0,C,-21.228,1,major,0.0611,0.995,0.963,0.112,0.94,198.596,5mKBX7FI3fM4xbbOEEc7rV,https://p.scdn.co/mp3-preview/07d258cc9e8dd7107c9be82e7cec4550f0c13123?cid=71df4006c91441bc8755ad3b5b9bd0d2,spotify:track:5mKBX7FI3fM4xbbOEEc7rV
Veloma,Veloma,0.302,0.12,7,G,-21.272,0,minor,0.037,0.98,0.887,0.0874,0.218,108.008,7JAS7ebzk6QH4XEamLH9wS,https://p.scdn.co/mp3-preview/c71b22c27d2304c7c4203c497ea5bbf980f41c74?cid=71df4006c91441bc8755ad3b5b9bd0d2,spotify:track:7JAS7ebzk6QH4XEamLH9wS
Sneeuwland,Sneeuwland,0.752,0.43,2,D,-16.661,0,minor,0.0322,0.784,0.938,0.0785,0.407,103.489,1GzVIEDYN2lYzePJGFoRkz,https://p.scdn.co/mp3-preview/0010589961fd311fedeafc44165a8b6027344924?cid=71df4006c91441bc8755ad3b5b9bd0d2,spotify:track:1GzVIEDYN2lYzePJGFoRkz
Summers Coming,Summers Coming,0.648,0.658,6,F#,-13.603,0,minor,0.0368,0.0159,0.895,0.103,0.461,93.991,6b2la5Qxqi70AvL9gAhlYM,https://p.scdn.co/mp3-preview/75571d4929a336f8ba796eb144bd4ff80c8fb331?cid=71df4006c91441bc8755ad3b5b9bd0d2,spotify:track:6b2la5Qxqi70AvL9gAhlYM
Fourth,Fourth,0.411,0.713,2,D,-7.363,1,major,0.0437,0.0566,0.5,0.0628,0.75,133.547,1RroIksY4qQfBg1kr2LBkW,https://p.scdn.co/mp3-preview/07ceb32ff6a76642646881744cc5228b5151bb53?cid=71df4006c91441bc8755ad3b5b9bd0d2,spotify:track:1RroIksY4qQfBg1kr2LBkW
Aux Puces nº5,Aux Puces nº5,0.489,0.111,7,G,-16.202,1,major,0.106,0.942,0.843,0.0828,0.247,86.733,0FWy9LfbtShbG9T9ucv65r,https://p.scdn.co/mp3-preview/8711c77f63a9707ccf34ff375ce18693c04d7dad?cid=71df4006c91441bc8755ad3b5b9bd0d2,spotify:track:0FWy9LfbtShbG9T9ucv65r
The Passing of Time,The Passing of Time,0.209,0.223,0,C,-14.27,1,major,0.0322,0.489,0.259,0.135,0.149,90.807,3BEUOzkEnKY5LJzrC0R7DJ,https://p.scdn.co/mp3-preview/0fc240965bb67a94144fbaaa3f8c1e91a1ee0615?cid=71df4006c91441bc8755ad3b5b9bd0d2,spotify:track:3BEUOzkEnKY5LJzrC0R7DJ
The Forest and the Trees,The Forest and the Trees,0.279,0.0759,9,A,-18.833,1,major,0.0474,0.994,0.174,0.142,0.101,129.941,5FDNEmra9OD3rEO8gCQ2KD,https://p.scdn.co/mp3-preview/d5e9060a080a790a2eaa190a3c96f6022856c2ad?cid=71df4006c91441bc8755ad3b5b9bd0d2,spotify:track:5FDNEmra9OD3rEO8gCQ2KD
Bending Light Infinity,Bending Light Infinity,0.353,0.568,0,C,-3.703,1,major,0.0328,0.643,0.176,0.214,0.115,120.387,31FZlgG4pIWX0wi5rDWHQL,https://p.scdn.co/mp3-preview/19b487e2cdcc1e62d282b84446c3cbbfadf0240b?cid=71df4006c91441bc8755ad3b5b9bd0d2,spotify:track:31FZlgG4pIWX0wi5rDWHQL
Gagool,Gagool,0.167,0.113,3,D#,-22.927,1,major,0.037,0.877,0.866,0.13,0.0374,90.921,6Rb7y7Vut4CVBrxrk7yoWQ,https://p.scdn.co/mp3-preview/fbbdbfc25dd18cac524a6899b73f31f28a4f31d4?cid=71df4006c91441bc8755ad3b5b9bd0d2,spotify:track:6Rb7y7Vut4CVBrxrk7yoWQ
The Tea Party,The Tea Party,0.52,0.369,11,B,-16.854,0,minor,0.0349,0.854,0.958,0.124,0.704,151.941,3OQ06WdSzmRPUCUS1FIq0F,https://p.scdn.co/mp3-preview/d4e727597af9bf2c45394f15b6571afa9d82f650?cid=71df4006c91441bc8755ad3b5b9bd0d2,spotify:track:3OQ06WdSzmRPUCUS1FIq0F
Blizzard,Blizzard,0.198,0.148,9,A,-22.677,0,minor,0.0421,0.991,0.922,0.101,0.0922,75.776,2FOwnedhWyYBE7gH5mHHcn,https://p.scdn.co/mp3-preview/d22d7dc90ff05e0133ee16ac2c7beb51f76a0c01?cid=71df4006c91441bc8755ad3b5b9bd0d2,spotify:track:2FOwnedhWyYBE7gH5mHHcn
Opening Doors,Opening Doors,0.531,0.131,0,C,-15.521,1,major,0.0385,0.748,0.817,0.112,0.11,107.014,0rEJq3t9y9aSq0s55nGctz,https://p.scdn.co/mp3-preview/33aea52e860edb24536f4eb86f2fc42fc4926e88?cid=71df4006c91441bc8755ad3b5b9bd0d2,spotify:track:0rEJq3t9y9aSq0s55nGctz
5:00 AM,5:00 AM,0.365,0.0327,5,F,-31.195,0,minor,0.0558,0.993,0.898,0.0681,0.0736,138.002,0nzdyTkS1QLmlqZYOgrSLw,https://p.scdn.co/mp3-preview/9539a6f7fa8c6baa4c5309308ee1fd9c8e396f80?cid=71df4006c91441bc8755ad3b5b9bd0d2,spotify:track:0nzdyTkS1QLmlqZYOgrSLw
Le bal de Rémy,Le bal de Rémy,0.366,0.396,7,G,-12.988,0,minor,0.0453,0.95,0.787,0.0659,0.15,91.464,1hznyeWXgDNXvqZZhmnSh6,https://p.scdn.co/mp3-preview/2eb5be2158db161d520a1b6f3f13dc2783b78718?cid=71df4006c91441bc8755ad3b5b9bd0d2,spotify:track:1hznyeWXgDNXvqZZhmnSh6
That Kid in Fourth Grade Who Really Liked the Denver Broncos,That Kid in Fourth Grade Who Really Liked the Denver Broncos,0.45,0.00602,7,G,-30.159,1,major,0.0561,0.996,0.953,0.0873,0.0394,71.247,1WMN9O3A5fYqP84fWnDrxl,https://p.scdn.co/mp3-preview/92ab7767c03213e1558561b8264ba3dc0d73aeca?cid=71df4006c91441bc8755ad3b5b9bd0d2,spotify:track:1WMN9O3A5fYqP84fWnDrxl
The Temperature of the Air on the Bow of the Kaleetan,The Temperature of the Air on the Bow of the Kaleetan,0.328,0.088,10,A#,-18.958,0,minor,0.033,0.977,0.907,0.105,0.0369,68.337,5HhAUQK8AqWpZXgkpgfLoI,https://p.scdn.co/mp3-preview/4919292846afc09b19f98b60a0443e1f09b28895?cid=71df4006c91441bc8755ad3b5b9bd0d2,spotify:track:5HhAUQK8AqWpZXgkpgfLoI
War and Peace,War and Peace,0.208,0.243,2,D,-15.771,1,major,0.0327,0.889,0.911,0.114,0.0368,78.914,5MNQG6hqfljmBruR0iSJXn,https://p.scdn.co/mp3-preview/94f94e7a90964febf2393d1de52549dc585f37c7?cid=71df4006c91441bc8755ad3b5b9bd0d2,spotify:track:5MNQG6hqfljmBruR0iSJXn
O Come O Come Emmanuel,O Come O Come Emmanuel,0.52,0.696,4,E,-5.64,0,minor,0.0317,0.263,3.24e-4,0.0637,0.52,100.991,7BCyRaH9nTtD1wfePXjomO,https://p.scdn.co/mp3-preview/f09fff5f92a76bd689dbb4fc253f6b6541939e5c?cid=71df4006c91441bc8755ad3b5b9bd0d2,spotify:track:7BCyRaH9nTtD1wfePXjomO
Uno Is Walking,Uno Is Walking,0.224,0.583,6,F#,-9.189,0,minor,0.0386,0.284,0.00177,0.351,0.13,90.088,08mIDUfPBfMJaLtWzvIWCT,https://p.scdn.co/mp3-preview/3846be9cdb17a7c5db20f8f9f9711d0e3a36ea4a?cid=71df4006c91441bc8755ad3b5b9bd0d2,spotify:track:08mIDUfPBfMJaLtWzvIWCT
The Time to Run (Finale),The Time to Run (Finale),0.472,0.24,8,G#,-17.834,1,major,0.035,0.849,0.892,0.103,0.348,120.007,0w44RXWnVqjPU037XopNlP,https://p.scdn.co/mp3-preview/12109ebc3aa783cb6c68b8d72a01a2b893e163a8?cid=71df4006c91441bc8755ad3b5b9bd0d2,spotify:track:0w44RXWnVqjPU037XopNlP
Ghost Dance,Ghost Dance,0.373,0.0575,2,D,-21.19,0,minor,0.0388,0.943,0.831,0.0721,0.118,99.93,7bE72erlF9mbilalBA8GyV,https://p.scdn.co/mp3-preview/861cc7fec86e8a6fc8af9a51da91198aa236507e?cid=71df4006c91441bc8755ad3b5b9bd0d2,spotify:track:7bE72erlF9mbilalBA8GyV
Other Child Room,Other Child Room,0.702,0.0756,2,D,-21.106,0,minor,0.0658,0.991,0.879,0.0911,0.42,160.053,7w2N0OHlJg7Z5oh7WVE5dM,https://p.scdn.co/mp3-preview/6ab8f0846758a9e2deaf1a314b7e9e50e79d63fa?cid=71df4006c91441bc8755ad3b5b9bd0d2,spotify:track:7w2N0OHlJg7Z5oh7WVE5dM
Virtutes Instrumenti,Virtutes Instrumenti,0.145,0.0627,7,G,-17.584,1,major,0.0424,0.984,0.882,0.121,0.0383,138.625,5vyGsuzNwd0yp7gc8UBdB3,https://p.scdn.co/mp3-preview/a85b8ccca5e63a98dab9731a9055785dc7752841?cid=71df4006c91441bc8755ad3b5b9bd0d2,spotify:track:5vyGsuzNwd0yp7gc8UBdB3
Variatio 1. a 1 Clav.,Variatio 1. a 1 Clav.,0.483,0.431,7,G,-19.108,1,major,0.04,0.977,0.853,0.145,0.961,103.283,3rWUTyxx4i6O5RYxHhgOxf,https://p.scdn.co/mp3-preview/e220356d7e614158f474f4298affba6085c30cbc?cid=71df4006c91441bc8755ad3b5b9bd0d2,spotify:track:3rWUTyxx4i6O5RYxHhgOxf
Reminiscence,Reminiscence,0.374,0.112,5,F,-22.133,1,major,0.0446,0.995,0.913,0.105,0.111,89.897,1tszn6l2qFsgUMOrLX5kcy,https://p.scdn.co/mp3-preview/5d24f8cb6f8cec9e24656286e63f083dc43dd845?cid=71df4006c91441bc8755ad3b5b9bd0d2,spotify:track:1tszn6l2qFsgUMOrLX5kcy
Les crocodiles mangent aussi les bonshommes Wizzards,Les crocodiles mangent aussi les bonshommes Wizzards,0.609,0.104,2,D,-19.541,1,major,0.0998,0.944,0.877,0.127,0.259,106.225,3wUdAH0hdMTicFs2pWtjjg,https://p.scdn.co/mp3-preview/821ba5abd19b3d9fb7c0124b2e1f1cd1fb51b7c7?cid=71df4006c91441bc8755ad3b5b9bd0d2,spotify:track:3wUdAH0hdMTicFs2pWtjjg
Prelude No. 7,Prelude No. 7,0.268,0.125,5,F,-23.43,1,major,0.0532,0.987,0.9,0.117,0.0343,114.097,2ZDz9DPuNbr7J22BJ5iFxW,https://p.scdn.co/mp3-preview/9c4b7028257b81674dbac797a36da6b81b48d987?cid=71df4006c91441bc8755ad3b5b9bd0d2,spotify:track:2ZDz9DPuNbr7J22BJ5iFxW
After Christmas,After Christmas,0.447,0.103,8,G#,-23.285,0,minor,0.0295,0.908,0.94,0.109,0.0543,84.975,06Qy3NWIAjN3FeVMuMa47n,https://p.scdn.co/mp3-preview/d858ea1ced1c6109f61fe0b4626ec54733af157c?cid=71df4006c91441bc8755ad3b5b9bd0d2,spotify:track:06Qy3NWIAjN3FeVMuMa47n
Haunted,Haunted,0.292,0.0577,9,A,-16.003,0,minor,0.0401,0.964,0.824,0.0796,0.0875,137.874,2sDqcuuCkOCPqtJ7wHHBKX,https://p.scdn.co/mp3-preview/4fcd6278560bfe985b6d11a69b16213077a3d20c?cid=71df4006c91441bc8755ad3b5b9bd0d2,spotify:track:2sDqcuuCkOCPqtJ7wHHBKX
After the Week I've Had,After the Week I've Had,0.286,0.386,0,C,-15.184,1,major,0.0413,0.86,0.937,0.119,0.231,76.009,5vN6sA6f84X8Ec2t3bGsJ2,https://p.scdn.co/mp3-preview/c11eaf6056d431d62f741ae0847706e904cced13?cid=71df4006c91441bc8755ad3b5b9bd0d2,spotify:track:5vN6sA6f84X8Ec2t3bGsJ2
Gammelvals,Gammelvals,0.437,0.608,11,B,-7.982,1,major,0.0458,0.292,0.769,0.445,0.602,105.422,4zycZUtdp5ZbVFBhoLGlW4,https://p.scdn.co/mp3-preview/b0339d1beb57516a993f40ba8d56acb7b78d8464?cid=71df4006c91441bc8755ad3b5b9bd0d2,spotify:track:4zycZUtdp5ZbVFBhoLGlW4
Silent Night (Duet with Jane Siberry),Silent Night (Duet with Jane Siberry),0.141,0.413,7,G,-9.044,1,major,0.034,0.484,6.07e-4,0.11,0.111,81.553,6g9qe91VAGG4r4I4UyOEUg,https://p.scdn.co/mp3-preview/31bf0b5db0581604024e19cd7938a1a5a2dd5314?cid=71df4006c91441bc8755ad3b5b9bd0d2,spotify:track:6g9qe91VAGG4r4I4UyOEUg
Original Rags,Original Rags,0.479,0.113,7,G,-23.64,1,major,0.0363,0.992,0.898,0.0821,0.867,101.752,7GaQHOVjblmzXpMRughUMV,https://p.scdn.co/mp3-preview/7a3a03a833399f014c8ee4e84f7b110a242f8acf?cid=71df4006c91441bc8755ad3b5b9bd0d2,spotify:track:7GaQHOVjblmzXpMRughUMV
The Entertainer,The Entertainer,0.489,0.147,5,F,-24.483,1,major,0.0701,0.993,0.856,0.0981,0.79,160.274,6DWIm1TfM9WiCNQeLbbAsd,NA,spotify:track:6DWIm1TfM9WiCNQeLbbAsd
House Rent Jump,House Rent Jump,0.334,0.93,0,C,-7.75,1,major,0.137,0.0309,0.0814,0.279,0.686,168.145,6FqWiWqPizSBRfz1hSMp6o,https://p.scdn.co/mp3-preview/3fb460f6140899864f6e3c3d0eace3d27b9be29d?cid=71df4006c91441bc8755ad3b5b9bd0d2,spotify:track:6FqWiWqPizSBRfz1hSMp6o
"The Smiler - Percy Wenrich, 1907","The Smiler - Percy Wenrich, 1907",0.431,0.276,5,F,-15.891,1,major,0.0456,0.984,0.881,0.138,0.881,103.334,631uzoUvMCcnJAZMyJU8Dn,https://p.scdn.co/mp3-preview/741ce44301dc4f6bdc7fc0863c5528512dab1dcf?cid=71df4006c91441bc8755ad3b5b9bd0d2,spotify:track:631uzoUvMCcnJAZMyJU8Dn
Pine Apple Rag,Pine Apple Rag,0.313,0.178,10,A#,-24.59,1,major,0.0544,0.993,0.835,0.0968,0.52,169.714,5MI9eNLuAgEZzK5GqZACRK,https://p.scdn.co/mp3-preview/7ed49c590afa15a41b2755b11793a20f20c874fe?cid=71df4006c91441bc8755ad3b5b9bd0d2,spotify:track:5MI9eNLuAgEZzK5GqZACRK
Chinese Blues,Chinese Blues,0.612,0.162,7,G,-22.97,1,major,0.0385,0.993,0.897,0.141,0.576,99.363,56tNrQ0i4ki8Igb5Af1ZBe,https://p.scdn.co/mp3-preview/6d8357917a000aa97c27a982d222795c5392a48a?cid=71df4006c91441bc8755ad3b5b9bd0d2,spotify:track:56tNrQ0i4ki8Igb5Af1ZBe
My Friend,My Friend,0.323,0.436,8,G#,-9.483,1,major,0.029,0.307,0.839,0.113,0.201,138.971,2FsbtMmE48yy5OSCwfT5QH,https://p.scdn.co/mp3-preview/df0d2b4a26eb4bdb8bc952da6ff71fb699974259?cid=71df4006c91441bc8755ad3b5b9bd0d2,spotify:track:2FsbtMmE48yy5OSCwfT5QH
Candy,Candy,0.658,0.53,1,C#,-7.214,1,major,0.071,0.813,0,0.106,0.493,85.984,5yijHp4XqE50obfsgUBGba,https://p.scdn.co/mp3-preview/e9d9dd3fd32e50b92c73f58db4bb648f0d2e58f7?cid=71df4006c91441bc8755ad3b5b9bd0d2,spotify:track:5yijHp4XqE50obfsgUBGba
Obvious,Obvious,0.56,0.493,4,E,-10.419,1,major,0.0357,0.437,9.44e-5,0.146,0.57,71.926,6hvdpynhWy1ob4FsdKRx9B,https://p.scdn.co/mp3-preview/f37f56133151a7e4711ede453371aa4889c8ceea?cid=71df4006c91441bc8755ad3b5b9bd0d2,spotify:track:6hvdpynhWy1ob4FsdKRx9B
What I Found,What I Found,0.177,0.962,4,E,-4.881,1,major,0.0701,0.00283,0.00155,0.242,0.702,168.258,4JAp0iBUXnA7QC1No82c1x,https://p.scdn.co/mp3-preview/b65f666af3882e1c66ccaad038c56a6d10b5c3b3?cid=71df4006c91441bc8755ad3b5b9bd0d2,spotify:track:4JAp0iBUXnA7QC1No82c1x
Never Turnin' Back,Never Turnin' Back,0.563,0.561,2,D,-6.818,0,minor,0.0268,0.0676,2.45e-4,0.206,0.709,141.764,1VhMaP0K4UpPZWbxrGB4IO,https://p.scdn.co/mp3-preview/e3fd869661d75f4faa5b60b31448792a8307a37f?cid=71df4006c91441bc8755ad3b5b9bd0d2,spotify:track:1VhMaP0K4UpPZWbxrGB4IO
Danger Behind the Wheel,Danger Behind the Wheel,0.569,0.895,6,F#,-4.879,0,minor,0.0541,0.0207,8.6e-6,0.141,0.644,126.123,6qVL3WmCO8ybEJtHZDDMHq,https://p.scdn.co/mp3-preview/fb752e147a98cd908a02b4558d0f05e4846b3ff2?cid=71df4006c91441bc8755ad3b5b9bd0d2,spotify:track:6qVL3WmCO8ybEJtHZDDMHq
Rose Room,Rose Room,0.531,0.189,8,G#,-18.532,1,major,0.0482,0.72,0.0646,0.0932,0.79,94.128,21ZM0KeAJYeoeQTiDFptmP,https://p.scdn.co/mp3-preview/976456583b8ab525e0e9891da4a27db1aaefd4b5?cid=71df4006c91441bc8755ad3b5b9bd0d2,spotify:track:21ZM0KeAJYeoeQTiDFptmP
Riding Down To Mexico,Riding Down To Mexico,0.709,0.299,7,G,-14.696,1,major,0.0455,0.906,0.00127,0.11,0.784,129.058,0SMCrhJbrir0pBg6ghyP9u,https://p.scdn.co/mp3-preview/6c8e425c9b532561728256ef1ea7206eb9c28169?cid=71df4006c91441bc8755ad3b5b9bd0d2,spotify:track:0SMCrhJbrir0pBg6ghyP9u
Frog Legs Rag,Frog Legs Rag,0.582,0.256,8,G#,-19.731,1,major,0.041,0.991,0.789,0.12,0.921,104.118,0IoqpZ55F042xPuYCbP7NG,https://p.scdn.co/mp3-preview/58c224352d0f417f54b85051a0cd21b4a4f47a5b?cid=71df4006c91441bc8755ad3b5b9bd0d2,spotify:track:0IoqpZ55F042xPuYCbP7NG
Ghostwriter,Ghostwriter,0.685,0.662,7,G,-6.04,1,major,0.0511,0.396,4.58e-6,0.0671,0.817,135.8,4MDPPDgEyvvTBXjA4om67x,https://p.scdn.co/mp3-preview/6c6f6eff1c155b6735e0a43356e25b7148e5c1fe?cid=71df4006c91441bc8755ad3b5b9bd0d2,spotify:track:4MDPPDgEyvvTBXjA4om67x
Ox Driving Song,Ox Driving Song,0.579,0.697,2,D,-6.845,1,major,0.0598,0.398,1.2e-4,0.231,0.964,146.815,1C6sMPFUuI87mJAXeLLwvL,https://p.scdn.co/mp3-preview/086bee3fd7e5fb240a2d6df9615c1b89a2cab6ff?cid=71df4006c91441bc8755ad3b5b9bd0d2,spotify:track:1C6sMPFUuI87mJAXeLLwvL
The River,The River,0.523,0.353,7,G,-10.798,1,major,0.0303,0.339,0.00129,0.322,0.217,114.012,6C0oKwZduayza7Cy05LCc0,https://p.scdn.co/mp3-preview/a9c79f0f606db34ec5fd63dd072ff9b2e5b2b77f?cid=71df4006c91441bc8755ad3b5b9bd0d2,spotify:track:6C0oKwZduayza7Cy05LCc0
I Wanna Say Hello,I Wanna Say Hello,0.725,0.424,0,C,-11.224,1,major,0.0677,0.919,0,0.156,0.924,137.314,7MwPFz1EtqAN4IzK8FhSHk,https://p.scdn.co/mp3-preview/a60aa056dbdd80fb70008c1dc9ca02cdb803b73e?cid=71df4006c91441bc8755ad3b5b9bd0d2,spotify:track:7MwPFz1EtqAN4IzK8FhSHk
Birmingham Jail,Birmingham Jail,0.315,0.576,9,A,-5.638,0,minor,0.0479,0.444,0,0.0871,0.519,165.228,5GzKO1m8Vacz5gXXyFEunE,NA,spotify:track:5GzKO1m8Vacz5gXXyFEunE
Ricky Dee,Ricky Dee,0.673,0.876,9,A,-5.136,1,major,0.0419,0.792,0,0.147,0.95,120.783,6rht2AV1nxoMlJtOnXI5WE,https://p.scdn.co/mp3-preview/12f09909fedb97e81b6d1574a9793466df338b1f?cid=71df4006c91441bc8755ad3b5b9bd0d2,spotify:track:6rht2AV1nxoMlJtOnXI5WE
Cars And Parties,Cars And Parties,0.537,0.633,10,A#,-8.313,1,major,0.0251,0.252,8.57e-5,0.107,0.687,108.427,2xX5Vtnzlck91QWcvgxxiD,https://p.scdn.co/mp3-preview/8b01ee7e40252b5e811ff3b7caba1f4d8ff26d19?cid=71df4006c91441bc8755ad3b5b9bd0d2,spotify:track:2xX5Vtnzlck91QWcvgxxiD
Help You,Help You,0.398,0.78,4,E,-5.306,1,major,0.0359,0.242,0,0.342,0.772,149.503,2SLLm0Dt3JHr0IEREeH0kj,https://p.scdn.co/mp3-preview/ef3680c01aa4c7b4a9371e5bea15a96d1b69b6d5?cid=71df4006c91441bc8755ad3b5b9bd0d2,spotify:track:2SLLm0Dt3JHr0IEREeH0kj
Thirty Days in the Workhouse,Thirty Days in the Workhouse,0.472,0.6,5,F,-9.537,1,major,0.112,0.143,0.00126,0.155,0.574,135.38,4rFvcwKUntQt6pkNBW6Mlx,https://p.scdn.co/mp3-preview/ae96e5d27f4c9247190c785d297fd2d142381cd2?cid=71df4006c91441bc8755ad3b5b9bd0d2,spotify:track:4rFvcwKUntQt6pkNBW6Mlx
Clear Blue Sky,Clear Blue Sky,0.47,0.74,7,G,-7.737,1,major,0.0295,0.167,0.945,0.275,0.886,135.764,5SLyEPQQMO55p7hRmnssi1,NA,spotify:track:5SLyEPQQMO55p7hRmnssi1
Goodbye Old Paint,Goodbye Old Paint,0.704,0.22,4,E,-10.797,1,major,0.0262,0.958,4.79e-4,0.142,0.695,75.525,4vm4FwitAofwVZ6ROEInM9,https://p.scdn.co/mp3-preview/e18845e7861ca7badd65edcd729ccc759c800332?cid=71df4006c91441bc8755ad3b5b9bd0d2,spotify:track:4vm4FwitAofwVZ6ROEInM9
I Wish I Was a Headlight,I Wish I Was a Headlight,0.697,0.382,9,A,-8.046,1,major,0.0379,0.609,0,0.239,0.825,107.985,2W8w4oZ9nccs3wceXIo8yB,https://p.scdn.co/mp3-preview/eb20c9fe763c00f488dc2d6e42c1c2c34d0f8b12?cid=71df4006c91441bc8755ad3b5b9bd0d2,spotify:track:2W8w4oZ9nccs3wceXIo8yB
Birmingham Jail,Birmingham Jail,0.71,0.122,2,D,-12.837,1,major,0.0307,0.75,0.00234,0.135,0.654,106.91,6v5jIti1eD8Xj9WpCC4L9F,https://p.scdn.co/mp3-preview/7a6ff9620d70ca576ad0c490ae914fbd58f14764?cid=71df4006c91441bc8755ad3b5b9bd0d2,spotify:track:6v5jIti1eD8Xj9WpCC4L9F
Red Clay Road,Red Clay Road,0.461,0.717,10,A#,-7.327,1,major,0.0282,0.492,0.721,0.31,0.885,159.927,2UHLlGL2gkAGJIt0Zl0pal,https://p.scdn.co/mp3-preview/33bdd5b89962ac32c842c7512e4e242731c70532?cid=71df4006c91441bc8755ad3b5b9bd0d2,spotify:track:2UHLlGL2gkAGJIt0Zl0pal
After Today,After Today,0.454,0.0957,0,C,-13.864,1,major,0.0359,0.96,4.8e-4,0.11,0.165,79.376,33vOVri0nIS51sDgqyqoDU,NA,spotify:track:33vOVri0nIS51sDgqyqoDU
Mr and Mrs Smith,Mr and Mrs Smith,0.514,0.829,2,D,-5.322,1,major,0.031,0.00545,6.12e-4,0.0681,0.291,130.055,2X91TCRElB5asH2rmmI5fo,https://p.scdn.co/mp3-preview/eb453e96278c84058735c27a62cc6ee1f7eb67a5?cid=71df4006c91441bc8755ad3b5b9bd0d2,spotify:track:2X91TCRElB5asH2rmmI5fo
Better Do It Now,Better Do It Now,0.578,0.29,3,D#,-15.696,1,major,0.1,0.753,0.844,0.104,0.849,187.103,0eLMWVpqki9Xp7fIt7ZHjG,https://p.scdn.co/mp3-preview/5e5f9b28bf5dfbc9b170678c9f5c44e8765fffb5?cid=71df4006c91441bc8755ad3b5b9bd0d2,spotify:track:0eLMWVpqki9Xp7fIt7ZHjG
Little Wooden Church,Little Wooden Church,0.338,0.204,11,B,-13.237,1,major,0.0516,0.966,0.00233,0.129,0.249,59.657,3BMPGBCQiga87DG4ZnFnnK,NA,spotify:track:3BMPGBCQiga87DG4ZnFnnK
Runaway Puppy,Runaway Puppy,0.497,0.733,6,F#,-6.961,0,minor,0.0652,0.215,0.00101,0.086,0.415,104.301,4U061tvhqnsqXiwv7Wy16o,https://p.scdn.co/mp3-preview/32bce8b9fbfd7faab0e3e814e5d68c87378e87de?cid=71df4006c91441bc8755ad3b5b9bd0d2,spotify:track:4U061tvhqnsqXiwv7Wy16o
Chantiers Navals,Chantiers Navals,0.0643,0.0095,2,D,-25.897,0,minor,0.0542,0.866,0.953,0.111,0.0323,71.757,2TZmOPHiH4SFilO7YoVtNR,https://p.scdn.co/mp3-preview/63ba6149f8bef42c248600ef62e6860289b138a0?cid=71df4006c91441bc8755ad3b5b9bd0d2,spotify:track:2TZmOPHiH4SFilO7YoVtNR
Whirlwind Dance,Whirlwind Dance,0.471,0.44,4,E,-19.393,0,minor,0.128,0.00487,0.902,0.106,0.272,169.47,670EMjYclGjCv8sIjRTCXW,https://p.scdn.co/mp3-preview/0233ba8f84f692414d66e2c988c2b1289cacd875?cid=71df4006c91441bc8755ad3b5b9bd0d2,spotify:track:670EMjYclGjCv8sIjRTCXW
Lysine,Lysine,0.809,0.749,0,C,-6.814,1,major,0.0553,0.00112,0.097,0.0569,0.714,101.88,0M9aZPwt9ROMYtVOuezX9t,https://p.scdn.co/mp3-preview/6d96674627a7f8d1de4cbcd9a493b5d6766a40f2?cid=71df4006c91441bc8755ad3b5b9bd0d2,spotify:track:0M9aZPwt9ROMYtVOuezX9t
Mercy,Mercy,0.542,0.695,11,B,-8.395,0,minor,0.361,0.596,0.306,0.0904,0.825,158.268,0dtmgRnSrckT7IkmUv9ZV0,https://p.scdn.co/mp3-preview/cd03a839a1e00fcde039f99182b901da8c8828e6?cid=71df4006c91441bc8755ad3b5b9bd0d2,spotify:track:0dtmgRnSrckT7IkmUv9ZV0
Run the Tape,Run the Tape,0.783,0.474,11,B,-15.597,0,minor,0.486,0.0128,0.882,0.297,0.4,87.068,0Q6SuCtlUApNqYsKpDWlwO,https://p.scdn.co/mp3-preview/7cc47aea37a72306beea8673ac4b2ee38277cd7c?cid=71df4006c91441bc8755ad3b5b9bd0d2,spotify:track:0Q6SuCtlUApNqYsKpDWlwO
Waking Up - Instrumental,Waking Up - Instrumental,0.591,0.661,6,F#,-9.622,0,minor,0.0285,0.0626,0.906,0.0978,0.0991,125.007,0LtNxXqnptQhLdnsq3ViBV,https://p.scdn.co/mp3-preview/7686fb148e42cb913074b8e4555726a42784e769?cid=71df4006c91441bc8755ad3b5b9bd0d2,spotify:track:0LtNxXqnptQhLdnsq3ViBV
Quittin' Time,Quittin' Time,0.761,0.833,7,G,-5.416,0,minor,0.0317,0.0207,0.882,0.397,0.783,124.976,4ctmWvyGFz7sZgephM7GyP,https://p.scdn.co/mp3-preview/1290e532b9784ef1e6d67bc2d4e6865ce1ed2279?cid=71df4006c91441bc8755ad3b5b9bd0d2,spotify:track:4ctmWvyGFz7sZgephM7GyP
Presenterator,Presenterator,0.594,0.552,5,F,-11.951,1,major,0.0284,1.76e-5,0.724,0.11,0.513,130.049,25oGlmITzv3o22UDAI8jlm,https://p.scdn.co/mp3-preview/e570931b22715739ba3e33b388c628efd8c80aa2?cid=71df4006c91441bc8755ad3b5b9bd0d2,spotify:track:25oGlmITzv3o22UDAI8jlm
Stars,Stars,0.767,0.948,4,E,-6.225,0,minor,0.0544,0.0376,0.871,0.148,0.251,119.995,12cE7tSo1RvQPHizUfkJND,https://p.scdn.co/mp3-preview/de7b79b8eb9a71c164a7de37acf13822c5ae95ae?cid=71df4006c91441bc8755ad3b5b9bd0d2,spotify:track:12cE7tSo1RvQPHizUfkJND
How Exciting,How Exciting,0.827,0.806,11,B,-9.401,1,major,0.134,0.0664,0.603,0.145,0.796,116.495,22Vu2ckXfkAwylo5xM0HKX,https://p.scdn.co/mp3-preview/a2c59a571be367fff9f72ee00285be614361461e?cid=71df4006c91441bc8755ad3b5b9bd0d2,spotify:track:22Vu2ckXfkAwylo5xM0HKX
Divider,Divider,0.58,0.0557,8,G#,-31.855,1,major,0.0861,0.918,0.959,0.0932,0.34,174.059,7nYXrepLTmVqg4dpfDYjTZ,https://p.scdn.co/mp3-preview/17347d865bcc49cc1b5ed1047ab2f911d984cbf7?cid=71df4006c91441bc8755ad3b5b9bd0d2,spotify:track:7nYXrepLTmVqg4dpfDYjTZ
Oh Wee,Oh Wee,0.314,0.758,4,E,-3.778,1,major,0.109,0.188,0.0081,0.112,0.616,87.312,0s8MuH1xqaWWGBYaUWPbS8,https://p.scdn.co/mp3-preview/f1e121035b230335d528c71f6db67b149cdd4bc2?cid=71df4006c91441bc8755ad3b5b9bd0d2,spotify:track:0s8MuH1xqaWWGBYaUWPbS8
Destination - Original Mix,Destination - Original Mix,0.8,0.876,5,F,-8.65,0,minor,0.0433,0.0823,0.824,0.11,0.888,104.979,34DDReidF7OpglxisyPhAU,https://p.scdn.co/mp3-preview/89e298436f0d98c80bb9289e61e9cae32b3af87d?cid=71df4006c91441bc8755ad3b5b9bd0d2,spotify:track:34DDReidF7OpglxisyPhAU
sTEPPIN iN Heaven,sTEPPIN iN Heaven,0.603,0.646,7,G,-6.032,1,major,0.254,0.0979,0,0.166,0.517,171.107,0uexrSp7NL9u0Xqu8YjbOB,https://p.scdn.co/mp3-preview/d5e5d664fdebefb339c3bf11ad0f513ddec2c53c?cid=71df4006c91441bc8755ad3b5b9bd0d2,spotify:track:0uexrSp7NL9u0Xqu8YjbOB
Expedition Chant Cup,Expedition Chant Cup,0.437,0.797,7,G,-5.138,0,minor,0.0724,0.002,0.906,0.141,0.147,179.997,3U5F49DyfR8lKR35HdPPgN,https://p.scdn.co/mp3-preview/66fd36a4d8248ea2c7f2b97bc1778c874eb307f3?cid=71df4006c91441bc8755ad3b5b9bd0d2,spotify:track:3U5F49DyfR8lKR35HdPPgN
Overlay Star - Original Mix,Overlay Star - Original Mix,0.657,0.643,1,C#,-7.451,1,major,0.0346,6.97e-4,0.759,0.163,0.254,86.02,5g92m7TeQX1fg4btAa1dak,https://p.scdn.co/mp3-preview/3a46d795b84e3392e8fc8ea3fbedd23073ffee51?cid=71df4006c91441bc8755ad3b5b9bd0d2,spotify:track:5g92m7TeQX1fg4btAa1dak
listen before i go,listen before i go,0.319,0.0561,0,C,-23.023,1,major,0.045,0.935,0.00384,0.388,0.082,79.764,0tMSssfxAL2oV8Vri0mFHE,NA,spotify:track:0tMSssfxAL2oV8Vri0mFHE
Night Drive,Night Drive,0.568,0.839,7,G,-6.138,1,major,0.0995,0.168,0.827,0.0969,0.942,127.873,1ld1S5JtsmJk1Dh8w3MiYZ,https://p.scdn.co/mp3-preview/f6a68aea2f5229eef3956fa977b92d4fa5193127?cid=71df4006c91441bc8755ad3b5b9bd0d2,spotify:track:1ld1S5JtsmJk1Dh8w3MiYZ
Not Found,Not Found,0.818,0.384,2,D,-7.79,0,minor,0.0754,0.0617,0.524,0.123,0.5,94.008,0DGJOumOLaqhe5Hh6ALqVC,https://p.scdn.co/mp3-preview/47e9697c1ea056194c7f5f6ca2edcd04f97ebde3?cid=71df4006c91441bc8755ad3b5b9bd0d2,spotify:track:0DGJOumOLaqhe5Hh6ALqVC
LA,LA,0.189,0.303,0,C,-28.208,0,minor,0.0915,0.939,0.921,0.682,0.373,74.616,2egXy8Fo7ZvKYiiZ9cAQ7l,https://p.scdn.co/mp3-preview/bf636fd11587f6b360e6f0d17b0b91f5b325e22b?cid=71df4006c91441bc8755ad3b5b9bd0d2,spotify:track:2egXy8Fo7ZvKYiiZ9cAQ7l
Neurociencia,Neurociencia,0.206,0.658,1,C#,-9.149,0,minor,0.0542,0.472,0.914,0.135,0.033,173.128,64hIZK7RhaCczR2VyXITeF,https://p.scdn.co/mp3-preview/859ba8bc2177b92cea2afbd421a7c983c7133a30?cid=71df4006c91441bc8755ad3b5b9bd0d2,spotify:track:64hIZK7RhaCczR2VyXITeF
Pink Fuzz!,Pink Fuzz!,0.392,0.704,0,C,-6.405,1,major,0.0448,0.508,0.79,0.0808,0.611,189.959,06hFfsNqGq6m5pA2m1lwAz,https://p.scdn.co/mp3-preview/0f6c8645e1185927d70d40da0f6b8501a0529ddd?cid=71df4006c91441bc8755ad3b5b9bd0d2,spotify:track:06hFfsNqGq6m5pA2m1lwAz
Beryllos,Beryllos,0.607,0.681,7,G,-13.322,1,major,0.0273,0.365,0.913,0.107,0.106,142.014,51sJdiWD7N3c0kV3UtWTrr,https://p.scdn.co/mp3-preview/b63f71fd1626477ae458443f4795cb97da8e61cf?cid=71df4006c91441bc8755ad3b5b9bd0d2,spotify:track:51sJdiWD7N3c0kV3UtWTrr
Summer,Summer,0.621,0.316,7,G,-17.065,1,major,0.0356,0.932,0.929,0.0386,0.566,129.995,6jSoXa2sV4YErvsYEAGcft,https://p.scdn.co/mp3-preview/af153c01cca86e93db7e3da2fa87be153f3e1346?cid=71df4006c91441bc8755ad3b5b9bd0d2,spotify:track:6jSoXa2sV4YErvsYEAGcft
القذافي الأمازون الحرس,القذافي الأمازون الحرس,0.615,0.818,9,A,-8.179,1,major,0.065,0.00387,0.864,0.116,0.18,119.934,0OR89YyY6EiqLCO3lxHUGx,https://p.scdn.co/mp3-preview/7e92bfa11628dd3ef5bf3c81f05af4bd5cd2fba5?cid=71df4006c91441bc8755ad3b5b9bd0d2,spotify:track:0OR89YyY6EiqLCO3lxHUGx
Like Home,Like Home,0.265,0.277,2,D,-15.712,1,major,0.0324,0.973,0.771,0.669,0.0389,112.458,0muPsaysTFsIIpTTvfIB6n,https://p.scdn.co/mp3-preview/892265adf7df9e20e89a378fa2ed018fd9d599f3?cid=71df4006c91441bc8755ad3b5b9bd0d2,spotify:track:0muPsaysTFsIIpTTvfIB6n
Hash Smuggler's Blues,Hash Smuggler's Blues,0.7,0.282,2,D,-12.737,0,minor,0.0294,0.73,0.877,0.11,0.168,98.601,2Id7wfEXfpVxanV7OhFiLw,https://p.scdn.co/mp3-preview/632d8b0d726b28f6742711156a2410189aecfd6d?cid=71df4006c91441bc8755ad3b5b9bd0d2,spotify:track:2Id7wfEXfpVxanV7OhFiLw
Burning School,Burning School,0.338,0.507,10,A#,-10.793,1,major,0.0352,0.974,0.916,0.11,0.0353,125.076,2PlIqAjDbtsk2fR3tl5F0q,https://p.scdn.co/mp3-preview/506c409dedce3894bc98b6d7d4b0dbf3075c36a5?cid=71df4006c91441bc8755ad3b5b9bd0d2,spotify:track:2PlIqAjDbtsk2fR3tl5F0q
Broken Spell,Broken Spell,0.346,0.573,2,D,-8.336,1,major,0.0351,0.576,1.62e-4,0.245,0.563,87.872,0BqYieNhZk698MtuD73bGA,https://p.scdn.co/mp3-preview/3f33432bd6186adbaaa4046709d8292216c0fdf2?cid=71df4006c91441bc8755ad3b5b9bd0d2,spotify:track:0BqYieNhZk698MtuD73bGA
Old Strange,Old Strange,0.311,0.389,0,C,-12.867,1,major,0.0273,0.804,0.708,0.107,0.627,174.491,1D4Vky2ahLps2vwB41MAse,https://p.scdn.co/mp3-preview/8a0e465efe20cd6ca935f1ddcf76ffed46788892?cid=71df4006c91441bc8755ad3b5b9bd0d2,spotify:track:1D4Vky2ahLps2vwB41MAse
Old Strange,Old Strange,0.311,0.389,0,C,-12.867,1,major,0.0273,0.804,0.708,0.107,0.627,174.491,1D4Vky2ahLps2vwB41MAse,https://p.scdn.co/mp3-preview/8a0e465efe20cd6ca935f1ddcf76ffed46788892?cid=71df4006c91441bc8755ad3b5b9bd0d2,spotify:track:1D4Vky2ahLps2vwB41MAse
Its All Right,Its All Right,0.83,0.752,6,F#,-6.448,0,minor,0.165,0.145,0,0.282,0.771,95.983,7nMvpRExSUSSH7Wfw4E13h,https://p.scdn.co/mp3-preview/4b454a7091175530c1d0d8096999bfea20325fad?cid=71df4006c91441bc8755ad3b5b9bd0d2,spotify:track:7nMvpRExSUSSH7Wfw4E13h
Harmless Blues,Harmless Blues,0.655,0.514,7,G,-8.25,0,minor,0.0247,0.195,8.33e-6,0.132,0.527,87.168,3wTqet6DVASFa3zVUgOzfK,https://p.scdn.co/mp3-preview/467b6740628148c38ed3a5ae17f2027941159084?cid=71df4006c91441bc8755ad3b5b9bd0d2,spotify:track:3wTqet6DVASFa3zVUgOzfK
Good Night Heart,Good Night Heart,0.692,0.064,10,A#,-17.136,0,minor,0.151,0.906,0,0.189,0.161,47.608,33qjT2VExKMMVOety5ZJOZ,https://p.scdn.co/mp3-preview/cf55b7e3cd228cb232296aaf43333fbe484245ae?cid=71df4006c91441bc8755ad3b5b9bd0d2,spotify:track:33qjT2VExKMMVOety5ZJOZ
Solemn Ground,Solemn Ground,0.571,0.636,6,F#,-6.2,0,minor,0.0885,0.153,0.0128,0.107,0.701,130.151,16bkFyNokX111e8Hr731WH,https://p.scdn.co/mp3-preview/3b17ddc35aaf1584f876f894c18e707f9a0ce247?cid=71df4006c91441bc8755ad3b5b9bd0d2,spotify:track:16bkFyNokX111e8Hr731WH
Cattails,Cattails,0.5,0.282,9,A,-11.703,1,major,0.0292,0.739,0.959,0.164,0.274,153.998,4m2M0cHKabmJiX9PXbeKRw,https://p.scdn.co/mp3-preview/d53afc3e32002a2426004f73a39e450a4493fa86?cid=71df4006c91441bc8755ad3b5b9bd0d2,spotify:track:4m2M0cHKabmJiX9PXbeKRw
Grass Above My Head,Grass Above My Head,0.312,0.332,2,D,-11.741,1,major,0.0334,0.303,0.914,0.0935,0.178,96.578,3M40DY6ksnxfdh7remQrWm,https://p.scdn.co/mp3-preview/c7b2b206db469855f47b33e22abcbecec11a357e?cid=71df4006c91441bc8755ad3b5b9bd0d2,spotify:track:3M40DY6ksnxfdh7remQrWm
Mona Lisa,Mona Lisa,0.551,0.788,7,G,-10.594,1,major,0.0337,0.339,5.82e-4,0.0945,0.792,124.995,2XYRxeXd56lzqTBzO41ARO,https://p.scdn.co/mp3-preview/a91ffd0ee84b85c86d95c37db29ab8c430c38a73?cid=71df4006c91441bc8755ad3b5b9bd0d2,spotify:track:2XYRxeXd56lzqTBzO41ARO
Whoopee Ti Yi Yo,Whoopee Ti Yi Yo,0.707,0.38,0,C,-7.873,1,major,0.0404,0.975,0,0.142,0.734,84.171,3xtJyWD9JxzuTbvawSCUHf,NA,spotify:track:3xtJyWD9JxzuTbvawSCUHf
Wafternoon,Wafternoon,0.546,0.74,1,C#,-6.39,1,major,0.173,0.579,1.97e-5,0.552,0.805,140.594,0ADGgWYLvpoS06eKZsm8P0,https://p.scdn.co/mp3-preview/23c82796f8d2185bd9679703733067de86b89986?cid=71df4006c91441bc8755ad3b5b9bd0d2,spotify:track:0ADGgWYLvpoS06eKZsm8P0
Flirt,Flirt,0.807,0.327,2,D,-12.731,0,minor,0.0456,0.76,5.19e-4,0.11,0.739,121.462,7lVGiRlNzKa9eVbet7NB5C,https://p.scdn.co/mp3-preview/1b2e7982c45d72cf924e9eba4e99edbaacb06b7e?cid=71df4006c91441bc8755ad3b5b9bd0d2,spotify:track:7lVGiRlNzKa9eVbet7NB5C
Past Has Not Passed,Past Has Not Passed,0.197,0.337,5,F,-13.986,1,major,0.0326,0.665,0.958,0.325,0.0361,133.14,3QkVkQSFbvq2ACymmljGJb,https://p.scdn.co/mp3-preview/f6e056edc551a5b73cb33f823e183d39e66893fe?cid=71df4006c91441bc8755ad3b5b9bd0d2,spotify:track:3QkVkQSFbvq2ACymmljGJb
Eter,Eter,0.686,0.884,7,G,-9.884,1,major,0.0588,0.189,0.917,0.307,0.648,141.952,6wsf2vElUVzC5zTJxYW77x,https://p.scdn.co/mp3-preview/8c0868f7ca107ab0ace15f1f6dc600cfca91d690?cid=71df4006c91441bc8755ad3b5b9bd0d2,spotify:track:6wsf2vElUVzC5zTJxYW77x
I Want To Destroy Something Beautiful,I Want To Destroy Something Beautiful,0.448,0.565,6,F#,-7.934,1,major,0.0319,0.0389,7.77e-6,0.089,0.106,144.056,45zaCeII3wUZBgwzQBoMng,https://p.scdn.co/mp3-preview/3e5384b6420f5bad4ce5979d39041ca27a20a523?cid=71df4006c91441bc8755ad3b5b9bd0d2,spotify:track:45zaCeII3wUZBgwzQBoMng
Talking to Myself (Patrick Moore Mix),Talking to Myself (Patrick Moore Mix),0.794,0.95,10,A#,-13.183,0,minor,0.0617,0.0326,0.913,0.318,0.234,123.976,27dqMeYCs3YGQSAO5zuRen,https://p.scdn.co/mp3-preview/288de47440b5cb6accc76a370aadf48033831e16?cid=71df4006c91441bc8755ad3b5b9bd0d2,spotify:track:27dqMeYCs3YGQSAO5zuRen
Aqua,Aqua,0.622,0.894,10,A#,-10.635,0,minor,0.0432,0.241,0.899,0.1,0.302,142.028,2RJHvwcvaSIxkPE4ZZgPR8,https://p.scdn.co/mp3-preview/12e27069be662ad9a464c391491f1cf1f74a6cb0?cid=71df4006c91441bc8755ad3b5b9bd0d2,spotify:track:2RJHvwcvaSIxkPE4ZZgPR8
The Night Ahead,The Night Ahead,0.572,0.555,5,F,-11.995,0,minor,0.0308,0.113,0.13,0.232,0.276,130.087,0ZdUdT9JVpnNnz33epRxmd,https://p.scdn.co/mp3-preview/1a26a97975c3c0a6b548d4796143e1550d481f86?cid=71df4006c91441bc8755ad3b5b9bd0d2,spotify:track:0ZdUdT9JVpnNnz33epRxmd
Hungaria,Hungaria,0.94,0.472,2,D,-6.638,1,major,0.0815,0.848,0.852,0.0969,0.884,120.146,63t5ckxexn21dzDt857cAf,https://p.scdn.co/mp3-preview/acb9c0b5d7b828619299aac27ab7f6f701c1a8c7?cid=71df4006c91441bc8755ad3b5b9bd0d2,spotify:track:63t5ckxexn21dzDt857cAf
Forward,Forward,0.676,0.591,8,G#,-7.717,0,minor,0.0288,0.0152,0.513,0.083,0.646,97.488,4HkwnTVDlQ3Qxa8pNaTkZM,https://p.scdn.co/mp3-preview/e6640bf51e746d904d129eb5ec4f0096af23cf6b?cid=71df4006c91441bc8755ad3b5b9bd0d2,spotify:track:4HkwnTVDlQ3Qxa8pNaTkZM
It Smells Like Chamomile Tea,It Smells Like Chamomile Tea,0.722,0.0462,9,A,-19.461,0,minor,0.0606,0.985,0.934,0.0637,0.182,69.974,2H9ocxJEMarppEnieMKNiX,https://p.scdn.co/mp3-preview/6dac8a773526ce880303cd60465963a3ddd40cd4?cid=71df4006c91441bc8755ad3b5b9bd0d2,spotify:track:2H9ocxJEMarppEnieMKNiX
Winter Sunshine,Winter Sunshine,0.254,0.07,0,C,-24.289,1,major,0.042,0.995,0.929,0.0946,0.0768,93.44,6C2lU5SQQcmAjINZGMNsJy,https://p.scdn.co/mp3-preview/2c9e7fd819235c8c7dfadafc56e4a782a5ac7542?cid=71df4006c91441bc8755ad3b5b9bd0d2,spotify:track:6C2lU5SQQcmAjINZGMNsJy
Que Paciencia!,Que Paciencia!,0.571,0.812,0,C,-6.087,0,minor,0.256,0.403,1.56e-5,0.192,0.902,203.597,17ORoJBeeWZuhm4G4HahYw,https://p.scdn.co/mp3-preview/ca82fbbe80e64cd0bd28b605e4463ea1cf868d64?cid=71df4006c91441bc8755ad3b5b9bd0d2,spotify:track:17ORoJBeeWZuhm4G4HahYw
Scattered Knowledge,Scattered Knowledge,0.451,0.504,1,C#,-13.192,0,minor,0.0351,0.0376,0.876,0.0849,0.174,88.021,0VHU5r5ygB9W1eolsHgAlV,https://p.scdn.co/mp3-preview/055805c2e705c3724d9b8a81e4548e2cabf0c402?cid=71df4006c91441bc8755ad3b5b9bd0d2,spotify:track:0VHU5r5ygB9W1eolsHgAlV
I Remember You,I Remember You,0.448,0.501,5,F,-9.146,1,major,0.0318,0.894,0.652,0.0964,0.202,104.663,26xmR9YgWxx84ybG7LyDcb,https://p.scdn.co/mp3-preview/9bea772b14edb150ed0534f6ed0f56617b3749e4?cid=71df4006c91441bc8755ad3b5b9bd0d2,spotify:track:26xmR9YgWxx84ybG7LyDcb
Balancing Act,Balancing Act,0.652,0.492,9,A,-11.116,1,major,0.174,0.24,0,0.236,0.782,133.911,5Xw4bKEFSMAOCASvmNwSrJ,https://p.scdn.co/mp3-preview/affc40e564a92782ee9723762b9635ca42809abf?cid=71df4006c91441bc8755ad3b5b9bd0d2,spotify:track:5Xw4bKEFSMAOCASvmNwSrJ
Sweet Georgia Brown,Sweet Georgia Brown,0.923,0.431,2,D,-5.893,1,major,0.0601,0.565,0.962,0.1,0.946,117.001,3tErGlmiNA0zKnEdeNqRkI,https://p.scdn.co/mp3-preview/4459fbbf7fef1c59c3bf4d6833eecd71583100ee?cid=71df4006c91441bc8755ad3b5b9bd0d2,spotify:track:3tErGlmiNA0zKnEdeNqRkI
Menilmontant,Menilmontant,0.824,0.328,7,G,-6.73,1,major,0.0866,0.832,0.803,0.331,0.488,93.041,6QFcy3WXiKlVf5b9HxLipB,https://p.scdn.co/mp3-preview/5e20512b9ef232b866e37ae397bd2357469d402e?cid=71df4006c91441bc8755ad3b5b9bd0d2,spotify:track:6QFcy3WXiKlVf5b9HxLipB
Songe D'automne,Songe D'automne,0.823,0.33,5,F,-7.076,0,minor,0.055,0.911,0.927,0.123,0.552,108.016,0RAH82U6PcWHpHf8ud1668,https://p.scdn.co/mp3-preview/fa1c7847d6578eb7c2eba367dfb67d3625d071e4?cid=71df4006c91441bc8755ad3b5b9bd0d2,spotify:track:0RAH82U6PcWHpHf8ud1668
Chosen Kale Mazel Tov,Chosen Kale Mazel Tov,0.393,0.603,2,D,-9.621,0,minor,0.0844,0.105,0.00752,0.158,0.772,157.401,4HmtGWAYWHAJRHwDR8p8Y1,https://p.scdn.co/mp3-preview/3a9ace0094231e4274396dee4322c186400bdb32?cid=71df4006c91441bc8755ad3b5b9bd0d2,spotify:track:4HmtGWAYWHAJRHwDR8p8Y1
Devil With the Devil,Devil With the Devil,0.774,0.495,7,G,-9.063,1,major,0.0421,0.578,2.51e-6,0.0696,0.817,136.522,4rdjk46oMgNuO578noAyhN,https://p.scdn.co/mp3-preview/fb6ad61e14dfb4b8313d16852b5cf85d35fca867?cid=71df4006c91441bc8755ad3b5b9bd0d2,spotify:track:4rdjk46oMgNuO578noAyhN
Schumann Resonance 14.1hz - Nature,Schumann Resonance 14.1hz - Nature,0.317,0.0408,4,E,-28.224,0,minor,0.0424,0.412,0.647,0.0967,0.222,79.201,5VHd86yULKAiGnxxjluXPv,https://p.scdn.co/mp3-preview/4ca4ca11ce317f76b9dc7f3b1ac54637aa830520?cid=71df4006c91441bc8755ad3b5b9bd0d2,spotify:track:5VHd86yULKAiGnxxjluXPv
Magic of Fog,Magic of Fog,0.294,0.368,4,E,-15.144,0,minor,0.0373,0.94,0.944,0.11,0.156,151.693,3sR9k7xeArYMUk3UTRAyDS,https://p.scdn.co/mp3-preview/3562e3bee8751ef98078acfd98edde2cf3514996?cid=71df4006c91441bc8755ad3b5b9bd0d2,spotify:track:3sR9k7xeArYMUk3UTRAyDS
Impressive,Impressive,0.352,0.746,11,B,-9.157,0,minor,0.0536,0.025,0.178,0.22,0.694,112.002,64wnQ02z7UindpWdWHD0Ph,https://p.scdn.co/mp3-preview/bf58c8e92cc4aea039f436656c470897b2a6d3ac?cid=71df4006c91441bc8755ad3b5b9bd0d2,spotify:track:64wnQ02z7UindpWdWHD0Ph
The Keeper,The Keeper,0.776,0.57,5,F,-7.634,0,minor,0.0326,0.228,0.184,0.0826,0.414,85.052,5hmf3hRQMaDIWuZT1zX3ue,https://p.scdn.co/mp3-preview/2e3e092f82a802266d86516e58a96eb81a3abf7b?cid=71df4006c91441bc8755ad3b5b9bd0d2,spotify:track:5hmf3hRQMaDIWuZT1zX3ue
Amari Szi (Live),Amari Szi (Live),0.563,0.721,7,G,-9.372,0,minor,0.0408,0.811,0.0105,0.414,0.487,146.914,3LY7LocDCMMbUwSNfjGUEW,https://p.scdn.co/mp3-preview/20b77927cca7d63968a7b12e045f4c4cca46915a?cid=71df4006c91441bc8755ad3b5b9bd0d2,spotify:track:3LY7LocDCMMbUwSNfjGUEW
Jovanko,Jovanko,0.431,0.475,7,G,-8.476,1,major,0.0493,0.476,0.0263,0.11,0.764,197.81,2oyBVKmbKn7XFhX6G9Todz,https://p.scdn.co/mp3-preview/d01c43b41fab96da59527d9c9db96ec1c151d495?cid=71df4006c91441bc8755ad3b5b9bd0d2,spotify:track:2oyBVKmbKn7XFhX6G9Todz
Dances and Dames,Dances and Dames,0.591,0.0676,8,G#,-27.349,1,major,0.0461,0.798,0.905,0.111,0.627,120.018,4tYNRUh16ub8NVvLqqZu7x,https://p.scdn.co/mp3-preview/d5476327ed04299255b1a462b2d0a48ff5b9e4ad?cid=71df4006c91441bc8755ad3b5b9bd0d2,spotify:track:4tYNRUh16ub8NVvLqqZu7x
As I Figure,As I Figure,0.788,0.281,4,E,-19.16,0,minor,0.0393,0.871,0.863,0.106,0.676,120.01,0GorvgaFJD0T7W2c2PRwwX,https://p.scdn.co/mp3-preview/aca4a659c9495adbd7bc6b070994ef8242805769?cid=71df4006c91441bc8755ad3b5b9bd0d2,spotify:track:0GorvgaFJD0T7W2c2PRwwX
Underscore Underwear,Underscore Underwear,0.716,0.197,2,D,-16.521,1,major,0.0603,0.277,1.92e-4,0.102,0.555,109.953,0wSDp25h0gNaVLDVS9JI9c,https://p.scdn.co/mp3-preview/b04055ac09b45eb0c0dadfce9fa6c0e0141eafb2?cid=71df4006c91441bc8755ad3b5b9bd0d2,spotify:track:0wSDp25h0gNaVLDVS9JI9c
Cocek,Cocek,0.529,0.415,7,G,-11.435,1,major,0.0317,0.579,0.0331,0.101,0.622,93.921,1r10cOQkbZaltrcIIri9wi,https://p.scdn.co/mp3-preview/f1d17ce04842a1251a73ef0a2b10cf70390a5183?cid=71df4006c91441bc8755ad3b5b9bd0d2,spotify:track:1r10cOQkbZaltrcIIri9wi
Mic Check,Mic Check,0.694,0.86,7,G,-9.818,1,major,0.345,0.241,0,0.109,0.623,140.076,6bks0Y6VHePtYzto4doYmK,https://p.scdn.co/mp3-preview/af5b86f3cb3bb98c474e1f627cc3e6bbcf279f8c?cid=71df4006c91441bc8755ad3b5b9bd0d2,spotify:track:6bks0Y6VHePtYzto4doYmK
April Showers,April Showers,0.801,0.546,11,B,-7.256,1,major,0.132,0.28,0.929,0.141,0.902,94,04KsMCb9PZE2S0AtUU8Jhb,https://p.scdn.co/mp3-preview/fb4523e842271ccbe3d7a1c4e23e7da69536768d?cid=71df4006c91441bc8755ad3b5b9bd0d2,spotify:track:04KsMCb9PZE2S0AtUU8Jhb
Octopus,Octopus,0.557,0.611,2,D,-9.756,1,major,0.0588,0.214,0.475,0.322,0.683,91.309,4jWjLcGgd1EudYl89puQ0d,https://p.scdn.co/mp3-preview/9669041f5c8f6e1fb96a40256b506ae374f283e3?cid=71df4006c91441bc8755ad3b5b9bd0d2,spotify:track:4jWjLcGgd1EudYl89puQ0d
Magdalena,Magdalena,0.367,0.463,7,G,-8.873,1,major,0.0412,0.59,1.58e-4,0.061,0.387,81.594,3jWdKp1RnPFQOOmiJh7GZq,https://p.scdn.co/mp3-preview/5a52b1d1fb9cd1cbc661733f235082a3bb24e174?cid=71df4006c91441bc8755ad3b5b9bd0d2,spotify:track:3jWdKp1RnPFQOOmiJh7GZq
Dobur Vecher,Dobur Vecher,0.431,0.468,7,G,-9.916,1,major,0.0474,0.139,1.04e-5,0.0794,0.809,196.669,0ZjFBRNp9ywjGJ75TIinYe,https://p.scdn.co/mp3-preview/736bccf10a2e9013ff3b4034b1ee59187170c79d?cid=71df4006c91441bc8755ad3b5b9bd0d2,spotify:track:0ZjFBRNp9ywjGJ75TIinYe
Mad About You,Mad About You,0.304,0.341,5,F,-10.815,1,major,0.0304,0.686,0.895,0.136,0.104,138.838,10qtastwfJzlRMwYsKg4rp,https://p.scdn.co/mp3-preview/b46f79038485a2297cc932cb496acf1eb20c951d?cid=71df4006c91441bc8755ad3b5b9bd0d2,spotify:track:10qtastwfJzlRMwYsKg4rp
Invisible Walls,Invisible Walls,0.678,0.498,10,A#,-9.864,0,minor,0.0354,0.0134,0.766,0.0985,0.626,94.064,1RppQvUL0uzitlS0NuvMOI,https://p.scdn.co/mp3-preview/9728fe7e2f5bb7aeb50061537eb240150fce92d3?cid=71df4006c91441bc8755ad3b5b9bd0d2,spotify:track:1RppQvUL0uzitlS0NuvMOI
Some Other Place,Some Other Place,0.498,0.391,4,E,-14.077,1,major,0.0311,0.782,0.00294,0.105,0.299,149.763,6SskqEqhYXedFp39KhosHh,https://p.scdn.co/mp3-preview/6ad796b297de39abea4357582f292e8cb8d1d5a1?cid=71df4006c91441bc8755ad3b5b9bd0d2,spotify:track:6SskqEqhYXedFp39KhosHh
Blue Draggish,Blue Draggish,0.668,0.511,2,D,-9.519,0,minor,0.0439,0.438,1.24e-4,0.101,0.679,144.95,5Ocs6TpIC2UMySFPUGOqGh,https://p.scdn.co/mp3-preview/af7c40a35cbacd32a497260b6e81c204f0d32da1?cid=71df4006c91441bc8755ad3b5b9bd0d2,spotify:track:5Ocs6TpIC2UMySFPUGOqGh
Broken String,Broken String,0.712,0.167,2,D,-16.378,1,major,0.0723,0.586,0.37,0.292,0.413,114.227,2Ar1NiGkBxbnfF6E7pTVK4,https://p.scdn.co/mp3-preview/8beee750d98b94c3144ed11809a2689b27f251ad?cid=71df4006c91441bc8755ad3b5b9bd0d2,spotify:track:2Ar1NiGkBxbnfF6E7pTVK4
Tasky,Tasky,0.633,0.451,1,C#,-10.596,1,major,0.265,0.758,0.00893,0.0965,0.473,123.426,1ymx4SZ3drxdYGUzgWK7C2,https://p.scdn.co/mp3-preview/6551354d50aba175258c2ac527b879c11470c750?cid=71df4006c91441bc8755ad3b5b9bd0d2,spotify:track:1ymx4SZ3drxdYGUzgWK7C2
Capadócia,Capadócia,0.756,0.549,6,F#,-9.878,1,major,0.0761,0.212,0.851,0.102,0.645,142.948,01vHPjEbX2LUG1BAHELAcm,https://p.scdn.co/mp3-preview/cfb71300594c980ebf8bdc648d43f075764903d9?cid=71df4006c91441bc8755ad3b5b9bd0d2,spotify:track:01vHPjEbX2LUG1BAHELAcm
Night Drive,Night Drive,0.581,0.521,9,A,-12.808,0,minor,0.0545,0.957,0.929,0.0896,0.842,131.823,6A4IJRDt6k5iV4rkkptvvv,https://p.scdn.co/mp3-preview/eada17c7ccad741d94169c69c3ea3c03e7c68661?cid=71df4006c91441bc8755ad3b5b9bd0d2,spotify:track:6A4IJRDt6k5iV4rkkptvvv
Big Fun (New Ruckus),Big Fun (New Ruckus),0.52,0.534,6,F#,-9.974,0,minor,0.0352,0.216,0.332,0.0936,0.715,105.193,1rmrsBTSI4OAG9fYpwpEsE,https://p.scdn.co/mp3-preview/ea57e2252108be39da5840f5871d56e6614d7720?cid=71df4006c91441bc8755ad3b5b9bd0d2,spotify:track:1rmrsBTSI4OAG9fYpwpEsE
Freeway,Freeway,0.606,0.916,6,F#,-8.162,1,major,0.0371,0.14,0.356,0.132,0.889,111.563,66381EvBZ6e3RXzYATpGmN,https://p.scdn.co/mp3-preview/8072dd673b69a25e2487e4c371bf703bc4336bc3?cid=71df4006c91441bc8755ad3b5b9bd0d2,spotify:track:66381EvBZ6e3RXzYATpGmN
Frozen Egg,Frozen Egg,0.278,0.904,4,E,-6.121,1,major,0.0431,0.0946,6.07e-4,0.513,0.81,154.27,0dqkma6elydngemQCgOl5g,https://p.scdn.co/mp3-preview/93649133fab3bd74e9965e88f6f75df984539e86?cid=71df4006c91441bc8755ad3b5b9bd0d2,spotify:track:0dqkma6elydngemQCgOl5g
Siesta,Siesta,0.608,0.528,7,G,-11.04,1,major,0.0356,0.731,0.91,0.158,0.375,109.986,6ty63iXMBb2HtZTTo4srOz,https://p.scdn.co/mp3-preview/ac7ac2da3ce7a38825a86b919d7e20d1691a2a07?cid=71df4006c91441bc8755ad3b5b9bd0d2,spotify:track:6ty63iXMBb2HtZTTo4srOz
Vogelbird,Vogelbird,0.408,0.66,9,A,-8.216,1,major,0.033,0.00245,8.92e-4,0.106,0.417,172.164,2o2LKS73kyhOl2xc4rlZyG,https://p.scdn.co/mp3-preview/228ce89c9bd1c36d9b299dca8547c6cdbb80a191?cid=71df4006c91441bc8755ad3b5b9bd0d2,spotify:track:2o2LKS73kyhOl2xc4rlZyG
In The Early Months Of The Emergency,In The Early Months Of The Emergency,0.242,0.523,0,C,-20.15,1,major,0.124,0.48,0.827,0.0598,0.137,199.243,38DTnqtIvAFy5j8pnB7qcF,https://p.scdn.co/mp3-preview/323633f9be3cdd106ea31337ec550a37e891305a?cid=71df4006c91441bc8755ad3b5b9bd0d2,spotify:track:38DTnqtIvAFy5j8pnB7qcF
Through The Haze Of The Green Glasses,Through The Haze Of The Green Glasses,0.585,0.821,7,G,-14.343,1,major,0.0654,0.0154,0.827,0.0996,0.169,101.985,5WmzFWjrW5grtDw43IG8jt,https://p.scdn.co/mp3-preview/e7f8c23c8a3c0ee4f51b5572586c7e9b91fa252a?cid=71df4006c91441bc8755ad3b5b9bd0d2,spotify:track:5WmzFWjrW5grtDw43IG8jt
A Little Too Fast,A Little Too Fast,0.466,0.781,11,B,-8.465,0,minor,0.0397,0.285,3.25e-6,0.0706,0.778,96.923,0ij3805Igiih0dCQfjUq17,https://p.scdn.co/mp3-preview/4a0b4e806f70aa47cc37a8bd6fd503a172808fdf?cid=71df4006c91441bc8755ad3b5b9bd0d2,spotify:track:0ij3805Igiih0dCQfjUq17
Butterfly,Butterfly,0.649,0.569,9,A,-8.235,1,major,0.0658,0.0836,0.903,0.171,0.304,172.052,33wwhJ1srj6k9YqgnvfOay,https://p.scdn.co/mp3-preview/007a10c16885bf693e6b59d818ccffb5ef024b99?cid=71df4006c91441bc8755ad3b5b9bd0d2,spotify:track:33wwhJ1srj6k9YqgnvfOay
Who Are You,Who Are You,0.561,0.973,9,A,-5.094,0,minor,0.0558,0.0981,2.75e-5,0.34,0.694,117.225,4wIxZ9oc4IwadioLQ4MEH8,https://p.scdn.co/mp3-preview/070cb83d52c65f26631101b48287adef23c6663b?cid=71df4006c91441bc8755ad3b5b9bd0d2,spotify:track:4wIxZ9oc4IwadioLQ4MEH8
No Slow Dancing,No Slow Dancing,0.526,0.402,7,G,-9.107,1,major,0.0266,0.551,0.156,0.119,0.484,136.47,68C7g1i6hBMaVmjeemN4eA,https://p.scdn.co/mp3-preview/6af7e7a850daada53e2834b4ae24312e431edc4f?cid=71df4006c91441bc8755ad3b5b9bd0d2,spotify:track:68C7g1i6hBMaVmjeemN4eA
City Sounds,City Sounds,0.514,0.815,9,A,-3.547,0,minor,0.0626,0.245,0.732,0.167,0.521,97.349,63iIxelIziTn2VpmKJNEEg,https://p.scdn.co/mp3-preview/8cb7dab837507ff342defd976a04ac6f24874865?cid=71df4006c91441bc8755ad3b5b9bd0d2,spotify:track:63iIxelIziTn2VpmKJNEEg
Beach Point Pleasant,Beach Point Pleasant,0.35,0.657,6,F#,-7.712,1,major,0.0382,0.765,0.911,0.288,0.542,128.195,3fq5Q5QbfTpEIzcwuhb3M9,https://p.scdn.co/mp3-preview/7a60171a7b396e5166dca75719218c9e4eddfebd?cid=71df4006c91441bc8755ad3b5b9bd0d2,spotify:track:3fq5Q5QbfTpEIzcwuhb3M9
Marty Feldman,Marty Feldman,0.119,0.667,1,C#,-20.183,0,minor,0.0747,0.529,0.872,0.422,0.0265,95.898,0pwAYD3U67bMj1VST6pTqi,https://p.scdn.co/mp3-preview/36dc143d4e32fdd18f927fbb350156cb4c5cc3af?cid=71df4006c91441bc8755ad3b5b9bd0d2,spotify:track:0pwAYD3U67bMj1VST6pTqi
Son of a Systems Engineer Manager,Son of a Systems Engineer Manager,0.344,0.153,3,D#,-19.274,1,major,0.0599,0.966,0.73,0.113,0.04,82.459,083roIg73eRNIUWywslLnq,https://p.scdn.co/mp3-preview/b893fd08e8b3a04b5c43833c0764dd5817124175?cid=71df4006c91441bc8755ad3b5b9bd0d2,spotify:track:083roIg73eRNIUWywslLnq
Christmas Day with Me,Christmas Day with Me,0.74,0.743,9,A,-4.121,0,minor,0.0347,0.441,2.02e-5,0.336,0.964,147.057,124vdYMc0D7UbV5J1Xpa7X,https://p.scdn.co/mp3-preview/fbf5c2233032da76e1632d6d66148444ac4bfaf2?cid=71df4006c91441bc8755ad3b5b9bd0d2,spotify:track:124vdYMc0D7UbV5J1Xpa7X
Lost,Lost,0.898,0.594,5,F,-10.576,1,major,0.0458,0.668,0.0432,0.121,0.753,100.005,0y3F93i8xQbIAXEnN0K4ll,https://p.scdn.co/mp3-preview/e0d5458c78595ba7d49cf90ab12e24b0ea73e871?cid=71df4006c91441bc8755ad3b5b9bd0d2,spotify:track:0y3F93i8xQbIAXEnN0K4ll
Wild & You,Wild & You,0.674,0.38,2,D,-10.401,1,major,0.0392,0.768,0.00215,0.0918,0.451,128.325,4PU0IUr4DjEcoKV5DA5JiS,https://p.scdn.co/mp3-preview/1af1c7013d13d747d21287dccb9b24931ae7a48b?cid=71df4006c91441bc8755ad3b5b9bd0d2,spotify:track:4PU0IUr4DjEcoKV5DA5JiS
In Fielder,In Fielder,0.701,0.882,7,G,-5.022,1,major,0.084,0.0325,0.894,0.273,0.6,109.742,08CDqSTWg9Wp7VI3OvJg7L,https://p.scdn.co/mp3-preview/0543eed771bfe529d8864a4a1322f502dcc4e523?cid=71df4006c91441bc8755ad3b5b9bd0d2,spotify:track:08CDqSTWg9Wp7VI3OvJg7L
You Want It,You Want It,0.469,0.782,6,F#,-6.658,1,major,0.0302,0.133,0.00254,0.0909,0.751,130.327,1yTsEGLUE9IdZDss430ae5,https://p.scdn.co/mp3-preview/47d0972e7a173f50a9c60a05c37011af4f7a0f8e?cid=71df4006c91441bc8755ad3b5b9bd0d2,spotify:track:1yTsEGLUE9IdZDss430ae5
Untold Story,Untold Story,0.534,0.954,6,F#,-3.591,0,minor,0.0768,0.106,0.932,0.178,0.158,131.813,2JjLhoWNtG5ArqOgPMW7Po,https://p.scdn.co/mp3-preview/ef66b9c039dcf7938d8a789e23e82e53a6913d72?cid=71df4006c91441bc8755ad3b5b9bd0d2,spotify:track:2JjLhoWNtG5ArqOgPMW7Po
I'll Keep it With Mine (Scott Hardkiss Remix),I'll Keep it With Mine (Scott Hardkiss Remix),0.565,0.243,2,D,-13.091,1,major,0.0305,0.655,1.11e-4,0.137,0.273,110.44,5vPARXwuJO0jFrgWj6asc1,https://p.scdn.co/mp3-preview/5ae6b0cc145742f873a231ba617a866653a3e3a8?cid=71df4006c91441bc8755ad3b5b9bd0d2,spotify:track:5vPARXwuJO0jFrgWj6asc1
Fly by Night,Fly by Night,0.51,0.352,4,E,-11.546,0,minor,0.037,0.727,0.0372,0.0906,0.212,102.488,5Dk6xTTxAnKi9XEq1pKMab,https://p.scdn.co/mp3-preview/a0f614a96939d406efd36331b40a9a218b9e73bc?cid=71df4006c91441bc8755ad3b5b9bd0d2,spotify:track:5Dk6xTTxAnKi9XEq1pKMab
Through & Through,Through & Through,0.472,0.229,4,E,-12.387,1,major,0.0529,0.918,1.61e-5,0.108,0.354,77.956,5d1sK9lD7ondJZSMGs9m0f,https://p.scdn.co/mp3-preview/489fc857ef045aef2c51b6ffd03b47fe38fa8ba5?cid=71df4006c91441bc8755ad3b5b9bd0d2,spotify:track:5d1sK9lD7ondJZSMGs9m0f
The Other Man,The Other Man,0.592,0.662,6,F#,-7.122,0,minor,0.0281,0.00118,5.2e-4,0.385,0.495,117.93,5wtifIEA8OilqQAJN5Nj6V,https://p.scdn.co/mp3-preview/52483b40a8832d9c6876c977c1325eab6e1230c9?cid=71df4006c91441bc8755ad3b5b9bd0d2,spotify:track:5wtifIEA8OilqQAJN5Nj6V
Trick Pony,Trick Pony,0.692,0.855,5,F,-6.525,1,major,0.0466,0.12,0.0636,0.339,0.722,95.235,52jUZLjWkMbvMSCeHCPCQv,https://p.scdn.co/mp3-preview/fa7d3ebafc45a61ce8e1d66cd1f3d240a7903dc6?cid=71df4006c91441bc8755ad3b5b9bd0d2,spotify:track:52jUZLjWkMbvMSCeHCPCQv
The End Of Time,The End Of Time,0.501,0.769,10,A#,-5.241,1,major,0.0301,0.00178,0.0037200000000000002,0.26,0.328,123.048,7M1rwsvZrn5vEYLcSVbE1B,https://p.scdn.co/mp3-preview/31ef9c4076ce91f3c91a6cad11992391782c3b71?cid=71df4006c91441bc8755ad3b5b9bd0d2,spotify:track:7M1rwsvZrn5vEYLcSVbE1B
Love Me Like You,Love Me Like You,0.452,0.609,11,B,-5.235,1,major,0.0311,0.0341,0.439,0.0715,0.386,116.133,7efg9kT0H2hELLUUU4iptP,https://p.scdn.co/mp3-preview/3b67a8866e375b119d0ad70fd7909dea5fb3219e?cid=71df4006c91441bc8755ad3b5b9bd0d2,spotify:track:7efg9kT0H2hELLUUU4iptP
Basket Ball Get Your Groove Back,Basket Ball Get Your Groove Back,0.749,0.839,5,F,-6.103,1,major,0.0543,0.13,7.44e-6,0.0659,0.908,130.681,55o17XYrraoD59qkSh61pL,https://p.scdn.co/mp3-preview/7643774c25586376037cfb0e27fd4f2a319d6648?cid=71df4006c91441bc8755ad3b5b9bd0d2,spotify:track:55o17XYrraoD59qkSh61pL
Deep Thought Process,Deep Thought Process,0.493,0.861,7,G,-3.192,1,major,0.0618,0.446,0.991,0.243,0.474,109.557,1Kk3JQmb62YsH1Rrk8yy8Z,https://p.scdn.co/mp3-preview/270b32bc7cf64bbfe1191a37456cac0e6f0ae5e7?cid=71df4006c91441bc8755ad3b5b9bd0d2,spotify:track:1Kk3JQmb62YsH1Rrk8yy8Z
Summer Song,Summer Song,0.879,0.702,11,B,-6.712,0,minor,0.06,0.0104,0.217,0.0301,0.745,124.964,6Xkve4E90leGXrWU4HjUR0,https://p.scdn.co/mp3-preview/4572e452806b46f21c1ce2b6ee6b3e08985eec09?cid=71df4006c91441bc8755ad3b5b9bd0d2,spotify:track:6Xkve4E90leGXrWU4HjUR0
This Love's Got to Change,This Love's Got to Change,0.174,0.992,2,D,-3.625,1,major,0.11,1.23e-5,0.691,0.702,0.598,77.224,1hMohwBhrw5BvJkB5A4zbI,https://p.scdn.co/mp3-preview/ba81361c7ce6e9fede395ea8e034baf47491e4ce?cid=71df4006c91441bc8755ad3b5b9bd0d2,spotify:track:1hMohwBhrw5BvJkB5A4zbI
Computer,Computer,0.568,0.704,2,D,-8.732,1,major,0.0578,0.0403,0.731,0.0759,0.426,173.001,4dMuaUPtmzmHAytoEfF71R,https://p.scdn.co/mp3-preview/89af3cf7598b1d77ed9b037641b1c054d2b032b0?cid=71df4006c91441bc8755ad3b5b9bd0d2,spotify:track:4dMuaUPtmzmHAytoEfF71R
Old White Eye,Old White Eye,0.531,0.695,5,F,-11.604,1,major,0.102,0.471,0.451,0.127,0.325,109.892,2RBEjeuKV2PRpcNgGaaw7b,https://p.scdn.co/mp3-preview/23afecb5041eb03ce46bd6012698788a2332e2e1?cid=71df4006c91441bc8755ad3b5b9bd0d2,spotify:track:2RBEjeuKV2PRpcNgGaaw7b
Mariachi Bandits of Gatling Gun Ridge,Mariachi Bandits of Gatling Gun Ridge,0.639,0.588,11,B,-14.133,0,minor,0.0316,0.319,0.956,0.0815,0.354,120.018,7w02LkCrPVfSnV3OG7tcK2,https://p.scdn.co/mp3-preview/1a1eea44cd30131d7896441fc162cbc725af5475?cid=71df4006c91441bc8755ad3b5b9bd0d2,spotify:track:7w02LkCrPVfSnV3OG7tcK2
Requiem for a Fish,Requiem for a Fish,0.637,0.751,0,C,-4.755,0,minor,0.0416,8.36e-4,0.666,0.532,0.965,137.644,5ndZGKQNuD79AVFrQoeuHl,https://p.scdn.co/mp3-preview/d47dca0e76cba4f78fed01d88e4c8176c09d9b62?cid=71df4006c91441bc8755ad3b5b9bd0d2,spotify:track:5ndZGKQNuD79AVFrQoeuHl
Ships off the Coast,Ships off the Coast,0.119,0.748,7,G,-4.681,1,major,0.0536,4.1e-5,0.921,0.295,0.301,178.526,0fyh4gVSE0gI6IUd5net7a,https://p.scdn.co/mp3-preview/44fd39a5e2ede3ccacb32addf24e6870b82b71f3?cid=71df4006c91441bc8755ad3b5b9bd0d2,spotify:track:0fyh4gVSE0gI6IUd5net7a
Jupiter the Blue,Jupiter the Blue,0.541,0.351,6,F#,-8.21,1,major,0.0394,0.975,0.938,0.139,0.389,109.412,10VPRU9eRyLpbknR5Gfzjm,https://p.scdn.co/mp3-preview/ea1808c6fe22e9cf1f440ecc9d88cd9be2644d4e?cid=71df4006c91441bc8755ad3b5b9bd0d2,spotify:track:10VPRU9eRyLpbknR5Gfzjm
Wild Eyes,Wild Eyes,0.311,0.755,0,C,-5.042,1,major,0.0426,1.3e-5,0.894,0.0529,0.843,115.109,3VbPZBXIdOdRgj0u6AAjmt,https://p.scdn.co/mp3-preview/7a32305c4ea985daee5a8bf0df31e05c3b871337?cid=71df4006c91441bc8755ad3b5b9bd0d2,spotify:track:3VbPZBXIdOdRgj0u6AAjmt
Something in the Woods,Something in the Woods,0.491,0.723,6,F#,-13.023,1,major,0.0315,0.0255,0.632,0.105,0.21,162.1,6r3QoyeRi1azj13W1o0vzh,https://p.scdn.co/mp3-preview/8b80da5a9e6f5f63dfc89fd36d736aac7e9f7e4e?cid=71df4006c91441bc8755ad3b5b9bd0d2,spotify:track:6r3QoyeRi1azj13W1o0vzh
Utopia,Utopia,0.711,0.881,2,D,-6.937,1,major,0.071,0.059,0.00329,0.0803,0.828,145.005,1xiSH8E7l4f6LR1zB5xru8,https://p.scdn.co/mp3-preview/9f34ca7c43c5b1ebbfb2d2b9ec35fa81079f79e8?cid=71df4006c91441bc8755ad3b5b9bd0d2,spotify:track:1xiSH8E7l4f6LR1zB5xru8
Photosphere,Photosphere,0.606,0.256,2,D,-15.565,1,major,0.0409,0.598,0.858,0.0915,0.0387,116.745,5N8vwIobINlQXiWXEc1YKp,https://p.scdn.co/mp3-preview/a35f5f2fe1c368b13007ae65a897a5b9ccb27f3d?cid=71df4006c91441bc8755ad3b5b9bd0d2,spotify:track:5N8vwIobINlQXiWXEc1YKp
Crowning Of A Heart,Crowning Of A Heart,0.253,0.576,2,D,-6.477,1,major,0.0298,0.00293,0.0148,0.161,0.157,105.315,7k0qR1HFsUZLrgo0mSd5IX,NA,spotify:track:7k0qR1HFsUZLrgo0mSd5IX
Other Side,Other Side,0.569,0.795,4,E,-4.659,1,major,0.031,0.0105,2.76e-5,0.149,0.499,116.373,5uqntkeUp9djXTXbxMGqSj,https://p.scdn.co/mp3-preview/0aaa1488810b03e82a87fb7e551d4e8b24503c38?cid=71df4006c91441bc8755ad3b5b9bd0d2,spotify:track:5uqntkeUp9djXTXbxMGqSj
Plumy Tale,Plumy Tale,0.373,0.783,8,G#,-6.579,1,major,0.0311,4.22e-4,0.921,0.267,0.611,97.918,2rv28aDs6dOtF82hmoKgXD,https://p.scdn.co/mp3-preview/0a9da64c70d9da1223cf06a98fad82bdc54610cb?cid=71df4006c91441bc8755ad3b5b9bd0d2,spotify:track:2rv28aDs6dOtF82hmoKgXD
Santa Leone,Santa Leone,0.506,0.578,11,B,-7.407,0,minor,0.028,0.154,0.926,0.13,0.45,100.078,2mCzSMAq34LZgDr7WToIXl,https://p.scdn.co/mp3-preview/f1b87522a5a3150553fdd1495e9aafbceb03c3dc?cid=71df4006c91441bc8755ad3b5b9bd0d2,spotify:track:2mCzSMAq34LZgDr7WToIXl
Hey Grrl,Hey Grrl,0.143,0.964,11,B,-4.5,1,major,0.134,0.00641,0.00329,0.104,0.0547,179.509,4n6XDbKer2uSuLl4VZqPjP,https://p.scdn.co/mp3-preview/34bc4fb051819058faf9d445665ba2a45ccd5c8f?cid=71df4006c91441bc8755ad3b5b9bd0d2,spotify:track:4n6XDbKer2uSuLl4VZqPjP
Favorite Secrets,Favorite Secrets,0.812,0.79,1,C#,-7.645,0,minor,0.0354,1.28e-4,0.813,0.269,0.571,117.454,42cZJ4rFyi0GFDEdX0mokR,https://p.scdn.co/mp3-preview/034997296d54d57f320c8b0453c87a73a0b03459?cid=71df4006c91441bc8755ad3b5b9bd0d2,spotify:track:42cZJ4rFyi0GFDEdX0mokR
Trailblazer,Trailblazer,0.688,0.657,5,F,-9.957,1,major,0.0389,0.00983,0.845,0.302,0.235,121.973,5TCfryKXZ9IW4k7ziIjwJz,https://p.scdn.co/mp3-preview/3406fe5b285e4e9ddf01b3e4daa87af618cb0bec?cid=71df4006c91441bc8755ad3b5b9bd0d2,spotify:track:5TCfryKXZ9IW4k7ziIjwJz
Indyair,Indyair,0.243,0.505,2,D,-8.594,1,major,0.0405,1.32e-5,0.852,0.362,0.216,120.1,6GVQO3X3fO2HwfC4LpP2Vu,https://p.scdn.co/mp3-preview/6357c3c399d11b5861dc73069d9056d941b20638?cid=71df4006c91441bc8755ad3b5b9bd0d2,spotify:track:6GVQO3X3fO2HwfC4LpP2Vu
Helix Nebula,Helix Nebula,0.393,0.993,1,C#,-4.257,0,minor,0.105,2.79e-4,0.921,0.146,0.274,149.971,1dcmLPmtJPaTGo3wr9SKDI,https://p.scdn.co/mp3-preview/34a22031c568d12bc33ec30d66504098d82368dc?cid=71df4006c91441bc8755ad3b5b9bd0d2,spotify:track:1dcmLPmtJPaTGo3wr9SKDI
I Had a Dream (Live),I Had a Dream (Live),0.447,0.5,10,A#,-6.067,1,major,0.0427,0.974,0.339,0.215,0.0899,119.274,2lrmk9kfnPaZQ731N0L44C,https://p.scdn.co/mp3-preview/9d6474f3a06ba7b1e0e7c3fcc279c13b8186a9f7?cid=71df4006c91441bc8755ad3b5b9bd0d2,spotify:track:2lrmk9kfnPaZQ731N0L44C
Curse of the Pharaos,Curse of the Pharaos,0.577,0.91,9,A,-9.619,0,minor,0.137,0.0146,0.292,0.109,0.608,139.91,19CcUHgo020UKjVgqC3Vfo,https://p.scdn.co/mp3-preview/f026e6a71e44456334442f20e185c2b6a6baa660?cid=71df4006c91441bc8755ad3b5b9bd0d2,spotify:track:19CcUHgo020UKjVgqC3Vfo
Crucial Contact,Crucial Contact,0.425,0.51,11,B,-10.59,1,major,0.092,0.823,0.654,0.272,0.532,156.45,3A797MbF1QaWIr6Ij580u8,https://p.scdn.co/mp3-preview/608ebab7c2b6c19659d898fb7c9a7b500afa35a0?cid=71df4006c91441bc8755ad3b5b9bd0d2,spotify:track:3A797MbF1QaWIr6Ij580u8
Suck City,Suck City,0.292,0.635,0,C,-4.374,1,major,0.052,0,0.911,0.208,0.134,89.853,1UncV8tg1UrKSd936eN3bz,https://p.scdn.co/mp3-preview/d387d77377ed0f1528b23c9e292124d47d024fa1?cid=71df4006c91441bc8755ad3b5b9bd0d2,spotify:track:1UncV8tg1UrKSd936eN3bz
Absolutely Gorgeous,Absolutely Gorgeous,0.575,0.987,1,C#,-3.948,1,major,0.055,7.87e-5,0.776,0.47,0.308,121.323,7q1dUtd4oOJF376ZEdC3yz,https://p.scdn.co/mp3-preview/fe4a66aee6354e6af15ca4516bac0fbe2f036d4f?cid=71df4006c91441bc8755ad3b5b9bd0d2,spotify:track:7q1dUtd4oOJF376ZEdC3yz
Deck the Halls,Deck the Halls,0.554,0.324,11,B,-14.269,1,major,0.0299,0.907,0.116,0.111,0.447,144.078,21F3BSkJAEiUAt34fdR6Yn,https://p.scdn.co/mp3-preview/ec2bbeb8e048cc211f8917234719822959a79ed5?cid=71df4006c91441bc8755ad3b5b9bd0d2,spotify:track:21F3BSkJAEiUAt34fdR6Yn
Tell The Police The Truth,Tell The Police The Truth,0.57,0.783,3,D#,-6.502,0,minor,0.0318,2.59e-4,0.772,0.112,0.968,132.283,4mmXB9JVEIQbNbWcrQE715,https://p.scdn.co/mp3-preview/61403e9ca3aaaaec78100570c26bb2b05f865baf?cid=71df4006c91441bc8755ad3b5b9bd0d2,spotify:track:4mmXB9JVEIQbNbWcrQE715
Bottums Up - Randan Mix,Bottums Up - Randan Mix,0.818,0.945,1,C#,-6.465,1,major,0.222,0.00119,0.845,0.389,0.61,135.021,1NZxCf9zFfPc3UsW3p2Ie8,https://p.scdn.co/mp3-preview/deb7e283c8b5e4597e2c95084ae4821c64c57f3f?cid=71df4006c91441bc8755ad3b5b9bd0d2,spotify:track:1NZxCf9zFfPc3UsW3p2Ie8
Tripped and Fell In Love,Tripped and Fell In Love,0.879,0.613,0,C,-7.024,1,major,0.0532,0.0134,0.0953,0.0823,0.828,120.007,1QexqQzDJqLCs4AaUuFbYr,https://p.scdn.co/mp3-preview/726a5e7d67269b8c85a67e100cef36a98a450adf?cid=71df4006c91441bc8755ad3b5b9bd0d2,spotify:track:1QexqQzDJqLCs4AaUuFbYr
Zebra,Zebra,0.612,0.476,8,G#,-8.256,1,major,0.0275,0.861,0.00401,0.147,0.257,118.383,0ZAhJvqW67Epg4IsLIaSTR,https://p.scdn.co/mp3-preview/d610b107b38b6991d2bab9cb2d2be72b3734b770?cid=71df4006c91441bc8755ad3b5b9bd0d2,spotify:track:0ZAhJvqW67Epg4IsLIaSTR
New Girl,New Girl,0.451,0.959,0,C,-3.883,1,major,0.047,9.5e-4,5.13e-6,0.421,0.908,104.725,7bFNtX22XJMy5TuEpQfa3C,NA,spotify:track:7bFNtX22XJMy5TuEpQfa3C
Hit & Run,Hit & Run,0.194,0.883,2,D,-6.766,1,major,0.202,1.16e-4,0.00307,0.098,0.361,151.188,2Uuq5DQ7YAfaGC4gsswt8F,NA,spotify:track:2Uuq5DQ7YAfaGC4gsswt8F
Moving Away,Moving Away,0.661,0.302,1,C#,-16.06,0,minor,0.358,0.0735,0,0.123,0.461,111.313,4ApdnOTaOnq8whD0nZqOY7,https://p.scdn.co/mp3-preview/edf7a5b1f47113844cd2e615a6d802abc3ee0dfa?cid=71df4006c91441bc8755ad3b5b9bd0d2,spotify:track:4ApdnOTaOnq8whD0nZqOY7
